{
  "changes": [
    {
      "id": "chg1",
      "ticketNumber": "CHG-2024-0001",
      "title": "Database Server Upgrade",
      "description": "Upgrade production database server from PostgreSQL 14 to PostgreSQL 16 to improve performance and security.",
      "type": "normal",
      "category": "database",
      "priority": "high",
      "status": "approved",
      "requesterId": "user3",
      "assigneeId": "user2",
      "approvers": [
        {
          "approverId": "user4",
          "status": "approved",
          "comments": "Approved with rollback plan",
          "decidedAt": "2024-01-18T10:00:00Z"
        }
      ],
      "impactAssessment": "Brief downtime expected (15-30 minutes). All dependent applications will be temporarily unavailable.",
      "riskLevel": "medium",
      "rollbackPlan": "Restore from pre-upgrade backup if issues occur. Rollback time: ~20 minutes.",
      "scheduledStartDate": "2024-01-25T02:00:00Z",
      "scheduledEndDate": "2024-01-25T04:00:00Z",
      "affectedSystems": ["Production Database", "User Portal", "API Gateway"],
      "attachments": [],
      "comments": [
        {
          "id": "c1",
          "content": "Backup verified and ready.",
          "authorId": "user2",
          "createdAt": "2024-01-19T09:00:00Z"
        }
      ],
      "auditLog": [
        {
          "id": "a1",
          "action": "Created",
          "performedBy": "user3",
          "performedAt": "2024-01-15T10:00:00Z"
        },
        {
          "id": "a2",
          "action": "Status changed",
          "field": "status",
          "oldValue": "draft",
          "newValue": "pending_approval",
          "performedBy": "user3",
          "performedAt": "2024-01-16T09:00:00Z"
        },
        {
          "id": "a3",
          "action": "Approved",
          "performedBy": "user4",
          "performedAt": "2024-01-18T10:00:00Z"
        }
      ],
      "createdAt": "2024-01-15T10:00:00Z",
      "updatedAt": "2024-01-19T09:00:00Z"
    },
    {
      "id": "chg2",
      "ticketNumber": "CHG-2024-0002",
      "title": "Firewall Rule Update",
      "description": "Add new firewall rules to allow traffic from partner network for integration testing.",
      "type": "standard",
      "category": "network",
      "priority": "medium",
      "status": "in_progress",
      "requesterId": "user3",
      "assigneeId": "user1",
      "approvers": [
        {
          "approverId": "user4",
          "status": "approved",
          "decidedAt": "2024-01-17T14:00:00Z"
        }
      ],
      "impactAssessment": "No downtime expected. Change can be applied without service interruption.",
      "riskLevel": "low",
      "rollbackPlan": "Remove added firewall rules if connectivity issues arise.",
      "scheduledStartDate": "2024-01-20T10:00:00Z",
      "scheduledEndDate": "2024-01-20T11:00:00Z",
      "actualStartDate": "2024-01-20T10:05:00Z",
      "affectedSystems": ["Perimeter Firewall", "Partner Gateway"],
      "attachments": [],
      "comments": [],
      "auditLog": [
        {
          "id": "a4",
          "action": "Created",
          "performedBy": "user3",
          "performedAt": "2024-01-14T11:00:00Z"
        },
        {
          "id": "a5",
          "action": "Status changed",
          "field": "status",
          "oldValue": "approved",
          "newValue": "in_progress",
          "performedBy": "user1",
          "performedAt": "2024-01-20T10:05:00Z"
        }
      ],
      "createdAt": "2024-01-14T11:00:00Z",
      "updatedAt": "2024-01-20T10:05:00Z"
    },
    {
      "id": "chg3",
      "ticketNumber": "CHG-2024-0003",
      "title": "Security Patch Deployment",
      "description": "Deploy critical security patches to all production servers to address CVE-2024-1234.",
      "type": "emergency",
      "category": "security",
      "priority": "critical",
      "status": "pending_approval",
      "requesterId": "user1",
      "assigneeId": "user1",
      "approvers": [
        {
          "approverId": "user4",
          "status": "pending"
        }
      ],
      "impactAssessment": "Rolling restart of services. Each server will experience 2-3 minutes downtime during patch.",
      "riskLevel": "high",
      "rollbackPlan": "Uninstall patch and restore previous package versions from backup repository.",
      "scheduledStartDate": "2024-01-21T00:00:00Z",
      "scheduledEndDate": "2024-01-21T04:00:00Z",
      "affectedSystems": ["All Production Servers", "Web Cluster", "API Servers"],
      "attachments": [],
      "comments": [
        {
          "id": "c2",
          "content": "Urgent: This CVE is being actively exploited.",
          "authorId": "user1",
          "createdAt": "2024-01-20T15:00:00Z"
        }
      ],
      "auditLog": [
        {
          "id": "a6",
          "action": "Created",
          "performedBy": "user1",
          "performedAt": "2024-01-20T14:30:00Z"
        }
      ],
      "createdAt": "2024-01-20T14:30:00Z",
      "updatedAt": "2024-01-20T15:00:00Z"
    },
    {
      "id": "chg4",
      "ticketNumber": "CHG-2024-0004",
      "title": "Application Feature Deployment",
      "description": "Deploy new customer dashboard feature to production environment.",
      "type": "normal",
      "category": "application",
      "priority": "low",
      "status": "draft",
      "requesterId": "user3",
      "approvers": [],
      "impactAssessment": "No downtime. Feature toggle will control rollout.",
      "riskLevel": "low",
      "rollbackPlan": "Disable feature toggle to hide new feature.",
      "affectedSystems": ["Customer Portal", "User Dashboard"],
      "attachments": [],
      "comments": [],
      "auditLog": [
        {
          "id": "a7",
          "action": "Created",
          "performedBy": "user3",
          "performedAt": "2024-01-19T16:00:00Z"
        }
      ],
      "createdAt": "2024-01-19T16:00:00Z",
      "updatedAt": "2024-01-19T16:00:00Z"
    },
    {
      "id": "chg5",
      "ticketNumber": "CHG-2024-0005",
      "title": "Load Balancer Configuration",
      "description": "Update load balancer health check intervals and add new backend servers.",
      "type": "standard",
      "category": "infrastructure",
      "priority": "medium",
      "status": "completed",
      "requesterId": "user2",
      "assigneeId": "user1",
      "approvers": [
        {
          "approverId": "user4",
          "status": "approved",
          "decidedAt": "2024-01-10T09:00:00Z"
        }
      ],
      "impactAssessment": "No downtime. Changes will be applied gracefully.",
      "riskLevel": "low",
      "rollbackPlan": "Revert to previous configuration file.",
      "scheduledStartDate": "2024-01-12T09:00:00Z",
      "scheduledEndDate": "2024-01-12T10:00:00Z",
      "actualStartDate": "2024-01-12T09:15:00Z",
      "actualEndDate": "2024-01-12T09:45:00Z",
      "affectedSystems": ["Load Balancer", "Web Servers"],
      "attachments": [],
      "comments": [
        {
          "id": "c3",
          "content": "Change completed successfully. All health checks passing.",
          "authorId": "user1",
          "createdAt": "2024-01-12T09:45:00Z"
        }
      ],
      "auditLog": [
        {
          "id": "a8",
          "action": "Created",
          "performedBy": "user2",
          "performedAt": "2024-01-08T10:00:00Z"
        },
        {
          "id": "a9",
          "action": "Status changed",
          "field": "status",
          "oldValue": "in_progress",
          "newValue": "completed",
          "performedBy": "user1",
          "performedAt": "2024-01-12T09:45:00Z"
        }
      ],
      "createdAt": "2024-01-08T10:00:00Z",
      "updatedAt": "2024-01-12T09:45:00Z"
    }
  ]
}
