{
  "ciClassDefinitions": [
    {
      "id": "a1b2c3d4-e5f6-47a8-9b0c-1d2e3f4a5b6c",
      "name": "Server",
      "class": "server",
      "description": "Physical or virtual server infrastructure",
      "icon": "Server",
      "attributes": [
        { "name": "hostname", "type": "string", "required": true },
        { "name": "ip_address", "type": "string", "required": true },
        { "name": "os", "type": "string", "required": true },
        { "name": "cpu_cores", "type": "number", "required": false },
        { "name": "ram_gb", "type": "number", "required": false },
        { "name": "is_virtual", "type": "boolean", "required": true }
      ],
      "createdAt": "2024-01-15T00:00:00.000Z",
      "updatedAt": "2024-06-20T00:00:00.000Z"
    },
    {
      "id": "b2c3d4e5-f6a7-48b9-0c1d-2e3f4a5b6c7d",
      "name": "Application",
      "class": "application",
      "description": "Software applications and services",
      "icon": "AppWindow",
      "attributes": [
        { "name": "version", "type": "string", "required": true },
        { "name": "vendor", "type": "string", "required": false },
        { "name": "license_type", "type": "enum", "required": true, "enumValues": ["commercial", "open-source", "internal"] },
        { "name": "port", "type": "number", "required": false }
      ],
      "createdAt": "2024-01-15T00:00:00.000Z",
      "updatedAt": "2024-06-20T00:00:00.000Z"
    },
    {
      "id": "c3d4e5f6-a7b8-49ca-1d2e-3f4a5b6c7d8e",
      "name": "Database",
      "class": "database",
      "description": "Database instances and clusters",
      "icon": "Database",
      "attributes": [
        { "name": "engine", "type": "enum", "required": true, "enumValues": ["postgresql", "mysql", "mssql", "mongodb", "redis"] },
        { "name": "version", "type": "string", "required": true },
        { "name": "size_gb", "type": "number", "required": false },
        { "name": "is_clustered", "type": "boolean", "required": false }
      ],
      "createdAt": "2024-01-15T00:00:00.000Z",
      "updatedAt": "2024-06-20T00:00:00.000Z"
    },
    {
      "id": "d4e5f6a7-b8c9-50db-2e3f-4a5b6c7d8e9f",
      "name": "Network Device",
      "class": "network",
      "description": "Routers, switches, firewalls, and load balancers",
      "icon": "Network",
      "attributes": [
        { "name": "device_type", "type": "enum", "required": true, "enumValues": ["router", "switch", "firewall", "load_balancer"] },
        { "name": "manufacturer", "type": "string", "required": true },
        { "name": "model", "type": "string", "required": false },
        { "name": "firmware_version", "type": "string", "required": false }
      ],
      "createdAt": "2024-01-15T00:00:00.000Z",
      "updatedAt": "2024-06-20T00:00:00.000Z"
    },
    {
      "id": "e5f6a7b8-c9da-51ec-3f4a-5b6c7d8e9f0a",
      "name": "Storage",
      "class": "storage",
      "description": "Storage systems and volumes",
      "icon": "HardDrive",
      "attributes": [
        { "name": "storage_type", "type": "enum", "required": true, "enumValues": ["san", "nas", "object", "block"] },
        { "name": "capacity_tb", "type": "number", "required": true },
        { "name": "used_tb", "type": "number", "required": false },
        { "name": "raid_level", "type": "string", "required": false }
      ],
      "createdAt": "2024-01-15T00:00:00.000Z",
      "updatedAt": "2024-06-20T00:00:00.000Z"
    },
    {
      "id": "f6a7b8c9-daeb-52fd-4a5b-6c7d8e9f0a1b",
      "name": "Business Service",
      "class": "service",
      "description": "Business-facing IT services",
      "icon": "Briefcase",
      "attributes": [
        { "name": "service_tier", "type": "enum", "required": true, "enumValues": ["platinum", "gold", "silver", "bronze"] },
        { "name": "sla_target", "type": "number", "required": true, "description": "Uptime percentage" },
        { "name": "business_owner", "type": "string", "required": true },
        { "name": "cost_center", "type": "string", "required": false }
      ],
      "createdAt": "2024-01-15T00:00:00.000Z",
      "updatedAt": "2024-06-20T00:00:00.000Z"
    }
  ],
  "configurationItems": [
    {
      "id": "10a2b3c4-d5e6-4f7a-8b9c-0d1e2f3a4b5c",
      "name": "PROD-WEB-01",
      "class": "server",
      "status": "active",
      "description": "Primary production web server",
      "attributes": {
        "hostname": "prod-web-01.corp.local",
        "ip_address": "10.0.1.10",
        "os": "Ubuntu 22.04 LTS",
        "cpu_cores": 8,
        "ram_gb": 32,
        "is_virtual": true
      },
      "source": "Azure",
      "sourceId": "azure-vm-12345",
      "environment": "production",
      "owner": "John Smith",
      "team": "Platform Engineering",
      "location": "US-East-1",
      "createdAt": "2024-01-20T00:00:00.000Z",
      "updatedAt": "2025-01-15T00:00:00.000Z",
      "lastSyncedAt": "2025-01-27T00:00:00.000Z"
    },
    {
      "id": "20b3c4d5-e6f7-5a8b-9c0d-1e2f3a4b5c6d",
      "name": "PROD-WEB-02",
      "class": "server",
      "status": "active",
      "description": "Secondary production web server",
      "attributes": {
        "hostname": "prod-web-02.corp.local",
        "ip_address": "10.0.1.11",
        "os": "Ubuntu 22.04 LTS",
        "cpu_cores": 8,
        "ram_gb": 32,
        "is_virtual": true
      },
      "source": "Azure",
      "sourceId": "azure-vm-12346",
      "environment": "production",
      "owner": "John Smith",
      "team": "Platform Engineering",
      "location": "US-East-1",
      "createdAt": "2024-01-20T00:00:00.000Z",
      "updatedAt": "2025-01-15T00:00:00.000Z",
      "lastSyncedAt": "2025-01-27T00:00:00.000Z"
    },
    {
      "id": "30c4d5e6-f7a8-6b9c-0d1e-2f3a4b5c6d7e",
      "name": "CRM Application",
      "class": "application",
      "status": "active",
      "description": "Customer Relationship Management System",
      "attributes": {
        "version": "4.2.1",
        "vendor": "Internal",
        "license_type": "internal",
        "port": 8080
      },
      "source": "Manual",
      "environment": "production",
      "owner": "Sarah Johnson",
      "team": "CRM Team",
      "createdAt": "2023-06-15T00:00:00.000Z",
      "updatedAt": "2025-01-20T00:00:00.000Z"
    },
    {
      "id": "40d5e6f7-a8b9-7ca0-1e2f-3a4b5c6d7e8f",
      "name": "PROD-DB-MASTER",
      "class": "database",
      "status": "active",
      "description": "Primary PostgreSQL database cluster",
      "attributes": {
        "engine": "postgresql",
        "version": "15.4",
        "size_gb": 500,
        "is_clustered": true
      },
      "source": "AWS",
      "sourceId": "rds-prod-master",
      "environment": "production",
      "owner": "Mike Chen",
      "team": "Database Administration",
      "location": "US-East-1",
      "createdAt": "2023-03-10T00:00:00.000Z",
      "updatedAt": "2025-01-25T00:00:00.000Z",
      "lastSyncedAt": "2025-01-27T00:00:00.000Z"
    },
    {
      "id": "50e6f7a8-b9ca-8db1-2f3a-4b5c6d7e8f9a",
      "name": "Core-Switch-01",
      "class": "network",
      "status": "active",
      "description": "Core network switch - Data Center A",
      "attributes": {
        "device_type": "switch",
        "manufacturer": "Cisco",
        "model": "Nexus 9000",
        "firmware_version": "10.2.4"
      },
      "source": "ServiceNow",
      "environment": "production",
      "owner": "Network Team",
      "team": "Network Operations",
      "location": "DC-A",
      "createdAt": "2022-08-05T00:00:00.000Z",
      "updatedAt": "2025-01-10T00:00:00.000Z",
      "lastSyncedAt": "2025-01-27T00:00:00.000Z"
    },
    {
      "id": "60f7a8b9-cadb-9ec2-3a4b-5c6d7e8f9a0b",
      "name": "SAN-Storage-01",
      "class": "storage",
      "status": "active",
      "description": "Primary SAN storage array",
      "attributes": {
        "storage_type": "san",
        "capacity_tb": 100,
        "used_tb": 67,
        "raid_level": "RAID-10"
      },
      "source": "Manual",
      "environment": "production",
      "owner": "Storage Team",
      "team": "Infrastructure",
      "location": "DC-A",
      "createdAt": "2022-01-15T00:00:00.000Z",
      "updatedAt": "2025-01-22T00:00:00.000Z"
    },
    {
      "id": "70a8b9ca-dbec-0fd3-4b5c-6d7e8f9a0b1c",
      "name": "E-Commerce Platform",
      "class": "service",
      "status": "active",
      "description": "Customer-facing e-commerce service",
      "attributes": {
        "service_tier": "platinum",
        "sla_target": 99.99,
        "business_owner": "VP Sales",
        "cost_center": "CC-SALES-001"
      },
      "source": "Manual",
      "environment": "production",
      "owner": "Product Team",
      "team": "E-Commerce",
      "createdAt": "2023-01-01T00:00:00.000Z",
      "updatedAt": "2025-01-26T00:00:00.000Z"
    },
    {
      "id": "80b9cadb-ecf1-10e4-5c6d-7e8f9a0b1c2d",
      "name": "STG-WEB-01",
      "class": "server",
      "status": "active",
      "description": "Staging web server",
      "attributes": {
        "hostname": "stg-web-01.corp.local",
        "ip_address": "10.0.2.10",
        "os": "Ubuntu 22.04 LTS",
        "cpu_cores": 4,
        "ram_gb": 16,
        "is_virtual": true
      },
      "source": "Azure",
      "environment": "staging",
      "owner": "John Smith",
      "team": "Platform Engineering",
      "location": "US-East-1",
      "createdAt": "2024-02-10T00:00:00.000Z",
      "updatedAt": "2025-01-20T00:00:00.000Z",
      "lastSyncedAt": "2025-01-27T00:00:00.000Z"
    },
    {
      "id": "90cadbc-edf2-21f5-6d7e-8f9a0b1c2d3e",
      "name": "DEV-DB-01",
      "class": "database",
      "status": "active",
      "description": "Development database instance",
      "attributes": {
        "engine": "postgresql",
        "version": "15.4",
        "size_gb": 50,
        "is_clustered": false
      },
      "source": "AWS",
      "environment": "development",
      "owner": "Dev Team",
      "team": "Development",
      "createdAt": "2024-03-15T00:00:00.000Z",
      "updatedAt": "2025-01-18T00:00:00.000Z"
    },
    {
      "id": "a0dbcde-feg3-32g6-7e8f-9a0b1c2d3e4f",
      "name": "Legacy-App-Server",
      "class": "server",
      "status": "maintenance",
      "description": "Legacy application server - scheduled for decommission",
      "attributes": {
        "hostname": "legacy-app.corp.local",
        "ip_address": "10.0.5.100",
        "os": "Windows Server 2016",
        "cpu_cores": 4,
        "ram_gb": 16,
        "is_virtual": false
      },
      "source": "Manual",
      "environment": "production",
      "owner": "IT Operations",
      "team": "Legacy Systems",
      "location": "DC-B",
      "createdAt": "2018-05-20T00:00:00.000Z",
      "updatedAt": "2025-01-05T00:00:00.000Z"
    }
  ],
  "ciRelationships": [
    {
      "id": "b1c2d3e4-f5a6-b7c8-d9e0-f1a2b3c4d5e6",
      "sourceId": "30c4d5e6-f7a8-6b9c-0d1e-2f3a4b5c6d7e",
      "targetId": "10a2b3c4-d5e6-4f7a-8b9c-0d1e2f3a4b5c",
      "type": "runs_on",
      "description": "CRM application runs on production web server",
      "createdAt": "2024-01-20T00:00:00.000Z",
      "createdBy": "admin"
    },
    {
      "id": "c2d3e4f5-a6b7-c8d9-e0f1-a2b3c4d5e6f7",
      "sourceId": "30c4d5e6-f7a8-6b9c-0d1e-2f3a4b5c6d7e",
      "targetId": "20b3c4d5-e6f7-5a8b-9c0d-1e2f3a4b5c6d",
      "type": "runs_on",
      "description": "CRM application failover instance",
      "createdAt": "2024-01-20T00:00:00.000Z",
      "createdBy": "admin"
    },
    {
      "id": "d3e4f5a6-b7c8-d9e0-f1a2-b3c4d5e6f7a8",
      "sourceId": "30c4d5e6-f7a8-6b9c-0d1e-2f3a4b5c6d7e",
      "targetId": "40d5e6f7-a8b9-7ca0-1e2f-3a4b5c6d7e8f",
      "type": "depends_on",
      "description": "CRM uses PostgreSQL for data storage",
      "createdAt": "2024-01-20T00:00:00.000Z",
      "createdBy": "admin"
    },
    {
      "id": "e4f5a6b7-c8d9-e0f1-a2b3-c4d5e6f7a8b9",
      "sourceId": "10a2b3c4-d5e6-4f7a-8b9c-0d1e2f3a4b5c",
      "targetId": "50e6f7a8-b9ca-8db1-2f3a-4b5c6d7e8f9a",
      "type": "connected_to",
      "description": "Network connectivity",
      "createdAt": "2024-01-20T00:00:00.000Z",
      "createdBy": "admin"
    },
    {
      "id": "f5a6b7c8-d9e0-f1a2-b3c4-d5e6f7a8b9ca",
      "sourceId": "40d5e6f7-a8b9-7ca0-1e2f-3a4b5c6d7e8f",
      "targetId": "60f7a8b9-cadb-9ec2-3a4b-5c6d7e8f9a0b",
      "type": "uses",
      "description": "Database uses SAN storage",
      "createdAt": "2024-01-20T00:00:00.000Z",
      "createdBy": "admin"
    },
    {
      "id": "a6b7c8d9-e0f1-a2b3-c4d5-e6f7a8b9cadb",
      "sourceId": "70a8b9ca-dbec-0fd3-4b5c-6d7e8f9a0b1c",
      "targetId": "30c4d5e6-f7a8-6b9c-0d1e-2f3a4b5c6d7e",
      "type": "depends_on",
      "description": "E-Commerce uses CRM for customer data",
      "createdAt": "2024-01-20T00:00:00.000Z",
      "createdBy": "admin"
    },
    {
      "id": "b7c8d9e0-f1a2-b3c4-d5e6-f7a8b9cadbec",
      "sourceId": "70a8b9ca-dbec-0fd3-4b5c-6d7e8f9a0b1c",
      "targetId": "10a2b3c4-d5e6-4f7a-8b9c-0d1e2f3a4b5c",
      "type": "part_of",
      "description": "Web server is part of E-Commerce service",
      "createdAt": "2024-01-20T00:00:00.000Z",
      "createdBy": "admin"
    }
  ],
  "integrationSources": [
    {
      "id": "c8d9e0f1-a2b3-c4d5-e6f7-a8b9cadbecf1",
      "name": "Azure Resource Manager",
      "type": "azure",
      "status": "connected",
      "endpoint": "https://management.azure.com",
      "lastSyncAt": "2025-01-27T08:00:00.000Z",
      "nextSyncAt": "2025-01-27T12:00:00.000Z",
      "ciCount": 45,
      "config": {
        "subscriptionId": "sub-12345",
        "tenantId": "tenant-abc"
      }
    },
    {
      "id": "d9e0f1a2-b3c4-d5e6-f7a8-b9cadbecf1a2",
      "name": "AWS Config",
      "type": "aws",
      "status": "connected",
      "endpoint": "https://config.us-east-1.amazonaws.com",
      "lastSyncAt": "2025-01-27T07:30:00.000Z",
      "nextSyncAt": "2025-01-27T11:30:00.000Z",
      "ciCount": 38,
      "config": {
        "region": "us-east-1",
        "accountId": "123456789012"
      }
    },
    {
      "id": "e0f1a2b3-c4d5-e6f7-a8b9-cadbecf1a2b3",
      "name": "ServiceNow CMDB",
      "type": "servicenow",
      "status": "syncing",
      "endpoint": "https://corp.service-now.com",
      "lastSyncAt": "2025-01-27T06:00:00.000Z",
      "ciCount": 120,
      "config": {
        "instance": "corp",
        "table": "cmdb_ci"
      }
    }
  ],
  "reconciliationRules": [
    {
      "id": "f1a2b3c4-d5e6-f7a8-b9ca-dbecf1a2b3c4",
      "name": "Hostname Match",
      "description": "Match CIs with identical hostnames",
      "matchFields": ["hostname"],
      "priority": 1,
      "autoMerge": false,
      "enabled": true
    },
    {
      "id": "a2b3c4d5-e6f7-a8b9-cadb-ecf1a2b3c4d5",
      "name": "IP + Name Match",
      "description": "Match CIs with same IP address and similar name",
      "matchFields": ["ip_address", "name"],
      "priority": 2,
      "autoMerge": false,
      "enabled": true
    },
    {
      "id": "b3c4d5e6-f7a8-b9ca-dbec-f1a2b3c4d5e6",
      "name": "Source ID Match",
      "description": "Match CIs from same source with identical source IDs",
      "matchFields": ["sourceId", "source"],
      "priority": 3,
      "autoMerge": true,
      "enabled": true
    }
  ],
  "duplicateCandidates": [
    {
      "id": "c4d5e6f7-a8b9-cadb-ecf1-a2b3c4d5e6f7",
      "ciA": {
        "id": "10a2b3c4-d5e6-4f7a-8b9c-0d1e2f3a4b5c",
        "name": "PROD-WEB-01",
        "class": "server",
        "status": "active",
        "description": "Primary production web server",
        "attributes": {
          "hostname": "prod-web-01.corp.local",
          "ip_address": "10.0.1.10",
          "os": "Ubuntu 22.04 LTS",
          "cpu_cores": 8,
          "ram_gb": 32,
          "is_virtual": true
        },
        "source": "Azure",
        "sourceId": "azure-vm-12345",
        "environment": "production",
        "owner": "John Smith",
        "team": "Platform Engineering",
        "location": "US-East-1",
        "createdAt": "2024-01-20T00:00:00.000Z",
        "updatedAt": "2025-01-15T00:00:00.000Z",
        "lastSyncedAt": "2025-01-27T00:00:00.000Z"
      },
      "ciB": {
        "id": "d5e6f7a8-b9ca-dbec-f1a2-b3c4d5e6f7a8",
        "name": "PROD-WEB-01",
        "class": "server",
        "status": "active",
        "description": "Primary production web server",
        "attributes": {
          "hostname": "prod-web-01.corp.local",
          "ip_address": "10.0.1.10",
          "os": "Ubuntu 22.04 LTS",
          "cpu_cores": 8,
          "ram_gb": 64,
          "is_virtual": true
        },
        "source": "ServiceNow",
        "sourceId": "snow-12345",
        "environment": "production",
        "owner": "John Smith",
        "team": "Platform Engineering",
        "location": "US-East-1",
        "createdAt": "2024-01-20T00:00:00.000Z",
        "updatedAt": "2025-01-15T00:00:00.000Z"
      },
      "matchScore": 0.92,
      "matchedFields": ["hostname", "ip_address"],
      "status": "pending",
      "suggestedAction": "Merge: Keep Azure as primary, update RAM from ServiceNow"
    },
    {
      "id": "e6f7a8b9-cadb-ecf1-a2b3-c4d5e6f7a8b9",
      "ciA": {
        "id": "50e6f7a8-b9ca-8db1-2f3a-4b5c6d7e8f9a",
        "name": "Core-Switch-01",
        "class": "network",
        "status": "active",
        "description": "Core network switch - Data Center A",
        "attributes": {
          "device_type": "switch",
          "manufacturer": "Cisco",
          "model": "Nexus 9000",
          "firmware_version": "10.2.4"
        },
        "source": "ServiceNow",
        "environment": "production",
        "owner": "Network Team",
        "team": "Network Operations",
        "location": "DC-A",
        "createdAt": "2022-08-05T00:00:00.000Z",
        "updatedAt": "2025-01-10T00:00:00.000Z",
        "lastSyncedAt": "2025-01-27T00:00:00.000Z"
      },
      "ciB": {
        "id": "f7a8b9ca-dbec-f1a2-b3c4-d5e6f7a8b9ca",
        "name": "Core Switch 01",
        "class": "network",
        "status": "active",
        "description": "Core network switch - Data Center A",
        "attributes": {
          "device_type": "switch",
          "manufacturer": "Cisco",
          "model": "Nexus 9000",
          "firmware_version": "10.2.4"
        },
        "source": "Azure",
        "environment": "production",
        "owner": "Network Team",
        "team": "Network Operations",
        "location": "DC-A",
        "createdAt": "2022-08-05T00:00:00.000Z",
        "updatedAt": "2025-01-10T00:00:00.000Z"
      },
      "matchScore": 0.85,
      "matchedFields": ["ip_address", "manufacturer"],
      "status": "pending",
      "suggestedAction": "Review: Name format differs, may be same device"
    }
  ],
  "driftAlerts": [
    {
      "id": "a8b9cadb-ecf1-a2b3-c4d5-e6f7a8b9cadb",
      "ciId": "10a2b3c4-d5e6-4f7a-8b9c-0d1e2f3a4b5c",
      "ciName": "PROD-WEB-01",
      "attribute": "ram_gb",
      "expectedValue": 32,
      "actualValue": 64,
      "source": "Azure",
      "severity": "medium",
      "detectedAt": "2025-01-26T14:30:00.000Z",
      "status": "open"
    },
    {
      "id": "b9cadbec-f1a2-b3c4-d5e6-f7a8b9cadbec",
      "ciId": "40d5e6f7-a8b9-7ca0-1e2f-3a4b5c6d7e8f",
      "ciName": "PROD-DB-MASTER",
      "attribute": "version",
      "expectedValue": "15.4",
      "actualValue": "15.5",
      "source": "AWS",
      "severity": "low",
      "detectedAt": "2025-01-25T09:15:00.000Z",
      "status": "acknowledged"
    },
    {
      "id": "cadbecf1-a2b3-c4d5-e6f7-a8b9cadbecf1",
      "ciId": "50e6f7a8-b9ca-8db1-2f3a-4b5c6d7e8f9a",
      "ciName": "Core-Switch-01",
      "attribute": "firmware_version",
      "expectedValue": "10.2.4",
      "actualValue": "10.1.0",
      "source": "ServiceNow",
      "severity": "high",
      "detectedAt": "2025-01-27T02:00:00.000Z",
      "status": "open"
    },
    {
      "id": "dbecf1a2-b3c4-d5e6-f7a8-b9cadbecf1a2",
      "ciId": "30c4d5e6-f7a8-6b9c-0d1e-2f3a4b5c6d7e",
      "ciName": "CRM Application",
      "attribute": "version",
      "expectedValue": "4.2.1",
      "actualValue": "4.3.0",
      "source": "Manual",
      "severity": "low",
      "detectedAt": "2025-01-24T16:45:00.000Z",
      "status": "resolved",
      "resolvedAt": "2025-01-24T17:30:00.000Z"
    }
  ],
  "auditLog": [
    {
      "id": "ecf1a2b3-c4d5-e6f7-a8b9-cadbecf1a2b3",
      "timestamp": "2025-01-27T09:30:00.000Z",
      "action": "update",
      "ciId": "10a2b3c4-d5e6-4f7a-8b9c-0d1e2f3a4b5c",
      "ciName": "PROD-WEB-01",
      "userId": "user-001",
      "userName": "John Smith",
      "changes": [
        {
          "field": "description",
          "oldValue": "Production web server",
          "newValue": "Primary production web server"
        }
      ],
      "source": "manual"
    },
    {
      "id": "f1a2b3c4-d5e6-f7a8-b9ca-dbecf1a2b3c4",
      "timestamp": "2025-01-27T08:00:00.000Z",
      "action": "update",
      "ciId": "10a2b3c4-d5e6-4f7a-8b9c-0d1e2f3a4b5c",
      "ciName": "PROD-WEB-01",
      "userId": "system",
      "userName": "Azure Integration",
      "changes": [
        {
          "field": "lastSyncedAt",
          "oldValue": "2025-01-26T08:00:00.000Z",
          "newValue": "2025-01-27T08:00:00.000Z"
        }
      ],
      "source": "integration"
    },
    {
      "id": "a2b3c4d5-e6f7-a8b9-cadb-ecf1a2b3c4d5",
      "timestamp": "2025-01-26T15:45:00.000Z",
      "action": "relationship_added",
      "ciId": "70a8b9ca-dbec-0fd3-4b5c-6d7e8f9a0b1c",
      "ciName": "E-Commerce Platform",
      "userId": "user-002",
      "userName": "Sarah Johnson",
      "changes": [
        {
          "field": "relationship",
          "oldValue": null,
          "newValue": "depends_on: CRM Application"
        }
      ],
      "source": "manual"
    },
    {
      "id": "b3c4d5e6-f7a8-b9ca-dbec-f1a2b3c4d5e6",
      "timestamp": "2025-01-26T11:20:00.000Z",
      "action": "create",
      "ciId": "90cadbc-edf2-21f5-6d7e-8f9a0b1c2d3e",
      "ciName": "DEV-DB-01",
      "userId": "user-003",
      "userName": "Mike Chen",
      "source": "manual"
    },
    {
      "id": "c4d5e6f7-a8b9-cadb-ecf1-a2b3c4d5e6f7",
      "timestamp": "2025-01-25T14:00:00.000Z",
      "action": "reconciliation",
      "ciId": "20b3c4d5-e6f7-5a8b-9c0d-1e2f3a4b5c6d",
      "ciName": "PROD-WEB-02",
      "userId": "system",
      "userName": "Reconciliation Engine",
      "changes": [
        {
          "field": "sourceId",
          "oldValue": null,
          "newValue": "azure-vm-12346"
        }
      ],
      "source": "reconciliation"
    }
  ],
  "cmdbMetrics": {
    "totalCIs": 10,
    "activeIntegrations": 2,
    "pendingReconciliations": 2,
    "openDriftAlerts": 2,
    "cisByClass": {
      "server": 4,
      "application": 1,
      "database": 2,
      "network": 1,
      "storage": 1,
      "service": 1
    },
    "cisByStatus": {
      "active": 9,
      "inactive": 0,
      "maintenance": 1,
      "decommissioned": 0,
      "planned": 0
    },
    "recentChanges": 12,
    "syncHealth": "healthy"
  }
}
