{
    "incidents": [
        {
            "id": "8a966dd9-ce00-470c-9086-7032332835e2",
            "incidentNumber": "INC000731",
            "title": "Praesent id massa id nisl venenatis lacinia. Aenean sit amet justo.",
            "description": "Nullam porttitor lacus at turpis. Donec posuere metus vitae ipsum. Aliquam non mauris.\n\nMorbi non lectus. Aliquam sit amet diam in magna bibendum imperdiet. Nullam orci pede, venenatis non, sodales sed, tincidunt eu, felis.\n\nFusce posuere felis sed lacus. Morbi sem mauris, laoreet ut, rhoncus aliquet, pulvinar sed, nisl. Nunc rhoncus dui vel sem.\n\nSed sagittis. Nam congue, risus semper porta volutpat, quam pede lobortis ligula, sit amet eleifend pede libero quis orci. Nullam molestie nibh in lectus.\n\nPellentesque at nulla. Suspendisse potenti. Cras in purus eu magna vulputate luctus.",
            "priority": "P1",
            "status": 4,
            "impact": "High",
            "urgency": "High",
            "assignedGroups": "6905728a-cf02-4741-b4cd-574edc4c5ead",
            "createdDate": "2025-03-28T12:58:22Z",
            "resolvedDate": null,
            "closedDate": null,
            "resolution": "Cras mi pede, malesuada in, imperdiet et, commodo vulputate, justo.",
            "category": "10a2b3c4-d5e6-4f7a-8b9c-0d1e2f3a4b5c",
            "assignedTo": "9f3af483-5a0d-49a1-bc76-040f3f34eca1",
            "assignedToName": "Tera Bloxham",
            "reportedBy": "73bf3c88-960b-4c3b-a6d4-57f28c9b9200",
            "reportedByName": "Eziechiele Maher",
            "assignedGroupName": "Business Development",
            "configurationItemName": "PROD-WEB-01"
        },
        {
            "id": "a7b3f253-506d-4d28-8a07-f292f56709a9",
            "incidentNumber": "INC000488",
            "title": "Integer ac leo.",
            "description": "In quis justo. Maecenas rhoncus aliquam lacus. Morbi quis tortor id nulla ultrices aliquet.\n\nMaecenas leo odio, condimentum id, luctus nec, molestie sed, justo. Pellentesque viverra pede ac diam. Cras pellentesque volutpat dui.\n\nMaecenas tristique, est et tempus semper, est quam pharetra magna, ac consequat metus sapien ut nunc. Vestibulum ante ipsum primis in faucibus orci luctus et ultrices posuere cubilia Curae; Mauris viverra diam vitae quam. Suspendisse potenti.\n\nNullam porttitor lacus at turpis. Donec posuere metus vitae ipsum. Aliquam non mauris.\n\nMorbi non lectus. Aliquam sit amet diam in magna bibendum imperdiet. Nullam orci pede, venenatis non, sodales sed, tincidunt eu, felis.",
            "priority": "P2",
            "status": 3,
            "impact": "Medium",
            "urgency": "High",
            "assignedGroups": "1a12f404-1013-475f-9d7f-bc155b292189",
            "createdDate": "2026-01-21T04:24:37Z",
            "resolvedDate": null,
            "closedDate": null,
            "resolution": "Cum sociis natoque penatibus et magnis dis parturient montes, nascetur ridiculus mus. Vivamus vestibulum sagittis sapien. Cum sociis natoque penatibus et magnis dis parturient montes, nascetur ridiculus mus. Etiam vel augue. Vestibulum rutrum rutrum neque.",
            "category": "20b3c4d5-e6f7-5a8b-9c0d-1e2f3a4b5c6d",
            "assignedTo": "6c22653f-b2a3-46dd-b7af-8e0f62115462",
            "assignedToName": "Shana Bratty",
            "reportedBy": "f5b7ffc5-9f7b-46bf-bed5-f2e39530553c",
            "reportedByName": "Fletcher Dickins",
            "assignedGroupName": "Infrastructure and Cloud Operations",
            "configurationItemName": "PROD-WEB-02"
        },
        {
            "id": "31b0af47-c4e9-4cb2-b1ce-89cf1b95c30c",
            "incidentNumber": "INC000024",
            "title": "Praesent id massa id nisl venenatis lacinia. Aenean sit amet justo.",
            "description": "In hac habitasse platea dictumst. Morbi vestibulum, velit id pretium iaculis, diam erat fermentum justo, nec condimentum neque sapien placerat ante. Nulla justo.\n\nAliquam quis turpis eget elit sodales scelerisque. Mauris sit amet eros. Suspendisse accumsan tortor quis turpis.",
            "priority": "P5",
            "status": 3,
            "impact": "Low",
            "urgency": "Low",
            "assignedGroups": "6905728a-cf02-4741-b4cd-574edc4c5ead",
            "createdDate": "2025-01-17T07:56:06Z",
            "resolvedDate": "2026-02-07T14:30:20Z",
            "closedDate": "2026-02-09T14:30:20Z",
            "resolution": "Nulla tempus. Vivamus in felis eu sapien cursus vestibulum. Proin eu mi.",
            "category": "30c4d5e6-f7a8-6b9c-0d1e-2f3a4b5c6d7e",
            "assignedTo": "312c9b9f-202c-4d7b-a436-613aae953091",
            "assignedToName": "Gnni Haywood",
            "reportedBy": "1d8beb9a-841b-4e5c-9dc2-01fefe46d1b9",
            "reportedByName": "Shela Campana",
            "assignedGroupName": "Business Development",
            "configurationItemName": "CRM Application"
        },
        {
            "id": "0776ed2b-cef0-4b55-8650-f841c9f78c43",
            "incidentNumber": "INC000258",
            "title": "Vestibulum ac est lacinia nisi venenatis tristique. Fusce congue, diam id ornare imperdiet, sapien urna pretium nisl, ut volutpat sapien arcu sed augue.",
            "description": "Aenean lectus. Pellentesque eget nunc. Donec quis orci eget orci vehicula condimentum.\n\nCurabitur in libero ut massa volutpat convallis. Morbi odio odio, elementum eu, interdum eu, tincidunt in, leo. Maecenas pulvinar lobortis est.\n\nPhasellus sit amet erat. Nulla tempus. Vivamus in felis eu sapien cursus vestibulum.\n\nProin eu mi. Nulla ac enim. In tempor, turpis nec euismod scelerisque, quam turpis adipiscing lorem, vitae mattis nibh ligula nec sem.",
            "priority": "P1",
            "status": 4,
            "impact": "High",
            "urgency": "High",
            "assignedGroups": "4da91180-d2c2-4db4-a4a9-5cfb0070c611",
            "createdDate": "2024-12-20T10:44:35Z",
            "resolvedDate": "2026-02-07T21:29:09Z",
            "closedDate": "2026-02-09T21:29:09Z",
            "resolution": "Nullam orci pede, venenatis non, sodales sed, tincidunt eu, felis. Fusce posuere felis sed lacus. Morbi sem mauris, laoreet ut, rhoncus aliquet, pulvinar sed, nisl. Nunc rhoncus dui vel sem.",
            "category": "40d5e6f7-a8b9-7ca0-1e2f-3a4b5c6d7e8f",
            "assignedTo": null,
            "assignedToName": null,
            "assignedGroupName": "Sales",
            "configurationItemName": "PROD-DB-MASTER"
        },
        {
            "id": "3b78070d-222e-48d3-9835-fe42954db92f",
            "incidentNumber": "INC000871",
            "title": "Nulla mollis molestie lorem. Quisque ut erat.",
            "description": "Quisque porta volutpat erat. Quisque erat eros, viverra eget, congue eget, semper rutrum, nulla. Nunc purus.\n\nPhasellus in felis. Donec semper sapien a libero. Nam dui.\n\nProin leo odio, porttitor id, consequat in, consequat ut, nulla. Sed accumsan felis. Ut at dolor quis odio consequat varius.\n\nInteger ac leo. Pellentesque ultrices mattis odio. Donec vitae nisi.",
            "priority": "P2",
            "status": 2,
            "impact": "Medium",
            "urgency": "High",
            "assignedGroups": "1a12f404-1013-475f-9d7f-bc155b292189",
            "createdDate": "2024-06-02T00:57:12Z",
            "resolvedDate": null,
            "closedDate": null,
            "resolution": "In hac habitasse platea dictumst. Maecenas ut massa quis augue luctus tincidunt. Nulla mollis molestie lorem. Quisque ut erat. Curabitur gravida nisi at nibh.",
            "category": "50e6f7a8-b9ca-8db1-2f3a-4b5c6d7e8f9a",
            "assignedTo": "b0979bc2-ebf6-4675-b5b8-91b867d22682",
            "assignedToName": "Mallissa Semon",
            "reportedBy": "2b6400ae-4bee-4909-8d21-8edf25b0a075",
            "reportedByName": "Raimund Totton",
            "assignedGroupName": "Infrastructure and Cloud Operations",
            "configurationItemName": "Core-Switch-01"
        },
        {
            "id": "cff8cdc2-01ab-4827-9f42-3f7b52796c38",
            "incidentNumber": "INC000326",
            "title": "Nunc rhoncus dui vel sem. Sed sagittis.",
            "description": "Proin leo odio, porttitor id, consequat in, consequat ut, nulla. Sed accumsan felis. Ut at dolor quis odio consequat varius.\n\nInteger ac leo. Pellentesque ultrices mattis odio. Donec vitae nisi.",
            "priority": "P3",
            "status": 3,
            "impact": "Low",
            "urgency": "High",
            "assignedGroups": "90eb88df-fc2a-4dd2-bfec-34fe1f2b70df",
            "createdDate": "2025-06-23T08:06:51Z",
            "resolvedDate": null,
            "closedDate": null,
            "resolution": "Nulla tellus. In sagittis dui vel nisl. Duis ac nibh. Fusce lacus purus, aliquet at, feugiat non, pretium quis, lectus.",
            "category": "60f7a8b9-cadb-9ec2-3a4b-5c6d7e8f9a0b",
            "assignedTo": "1d8beb9a-841b-4e5c-9dc2-01fefe46d1b9",
            "assignedToName": "Shela Campana",
            "reportedBy": "b0979bc2-ebf6-4675-b5b8-91b867d22682",
            "reportedByName": "Mallissa Semon",
            "assignedGroupName": "Accounting",
            "configurationItemName": "SAN-Storage-01"
        },
        {
            "id": "633f02e7-a40e-4eb6-9bd9-b4c20178856c",
            "incidentNumber": "INC000245",
            "title": "In congue.",
            "description": "Praesent blandit. Nam nulla. Integer pede justo, lacinia eget, tincidunt eget, tempus vel, pede.\n\nMorbi porttitor lorem id ligula. Suspendisse ornare consequat lectus. In est risus, auctor sed, tristique in, tempus sit amet, sem.",
            "priority": "P1",
            "status": 2,
            "impact": "High",
            "urgency": "High",
            "assignedGroups": "4da91180-d2c2-4db4-a4a9-5cfb0070c611",
            "createdDate": "2024-08-30T21:43:25Z",
            "resolvedDate": "2026-02-07T21:09:43Z",
            "closedDate": "2026-02-09T21:09:43Z",
            "resolution": "In est risus, auctor sed, tristique in, tempus sit amet, sem. Fusce consequat. Nulla nisl.",
            "category": "70a8b9ca-dbec-0fd3-4b5c-6d7e8f9a0b1c",
            "assignedTo": null,
            "assignedToName": null,
            "assignedGroupName": "Sales",
            "configurationItemName": "E-Commerce Platform"
        },
        {
            "id": "24e712bc-9600-4054-96fa-0857382484c4",
            "incidentNumber": "INC000247",
            "title": "Proin interdum mauris non ligula pellentesque ultrices.",
            "description": "Duis bibendum. Morbi non quam nec dui luctus rutrum. Nulla tellus.\n\nIn sagittis dui vel nisl. Duis ac nibh. Fusce lacus purus, aliquet at, feugiat non, pretium quis, lectus.\n\nSuspendisse potenti. In eleifend quam a odio. In hac habitasse platea dictumst.",
            "priority": "P2",
            "status": 1,
            "impact": "Medium",
            "urgency": "High",
            "assignedGroups": "90eb88df-fc2a-4dd2-bfec-34fe1f2b70df",
            "createdDate": "2024-05-09T05:10:01Z",
            "resolvedDate": null,
            "closedDate": null,
            "resolution": "Maecenas pulvinar lobortis est.",
            "category": "80b9cadb-ecf1-10e4-5c6d-7e8f9a0b1c2d",
            "assignedTo": "1d8beb9a-841b-4e5c-9dc2-01fefe46d1b9",
            "assignedToName": "Shela Campana",
            "reportedBy": "732c56cf-3c66-4146-aaeb-5799580bcff0",
            "reportedByName": "Willard Human",
            "assignedGroupName": "Accounting",
            "configurationItemName": "STG-WEB-01"
        },
        {
            "id": "81545f69-03b0-4061-afb9-1d9d2e84590e",
            "incidentNumber": "INC000650",
            "title": "Maecenas leo odio, condimentum id, luctus nec, molestie sed, justo. Pellentesque viverra pede ac diam.",
            "description": "Pellentesque at nulla. Suspendisse potenti. Cras in purus eu magna vulputate luctus.\n\nCum sociis natoque penatibus et magnis dis parturient montes, nascetur ridiculus mus. Vivamus vestibulum sagittis sapien. Cum sociis natoque penatibus et magnis dis parturient montes, nascetur ridiculus mus.\n\nEtiam vel augue. Vestibulum rutrum rutrum neque. Aenean auctor gravida sem.",
            "priority": "P4",
            "status": 3,
            "impact": "Low",
            "urgency": "Medium",
            "assignedGroups": "ed200833-c8c6-42aa-a647-550ea3fd005f",
            "createdDate": "2024-10-07T07:33:29Z",
            "resolvedDate": null,
            "closedDate": null,
            "resolution": "Suspendisse potenti. In eleifend quam a odio. In hac habitasse platea dictumst. Maecenas ut massa quis augue luctus tincidunt.",
            "category": "90cadbc-edf2-21f5-6d7e-8f9a0b1c2d3e",
            "assignedTo": "e8bce3ab-f6ac-47f0-a1b2-6caaedb409da",
            "assignedToName": "Gabbie McClosh",
            "reportedBy": "312c9b9f-202c-4d7b-a436-613aae953091",
            "reportedByName": "Gnni Haywood",
            "assignedGroupName": "Services",
            "configurationItemName": "DEV-DB-01"
        },
        {
            "id": "497ada30-1819-4fe5-87ec-9e856383ed3d",
            "incidentNumber": "INC000023",
            "title": "Pellentesque at nulla.",
            "description": "Phasellus sit amet erat. Nulla tempus. Vivamus in felis eu sapien cursus vestibulum.\n\nProin eu mi. Nulla ac enim. In tempor, turpis nec euismod scelerisque, quam turpis adipiscing lorem, vitae mattis nibh ligula nec sem.",
            "priority": "P2",
            "status": 1,
            "impact": "High",
            "urgency": "Medium",
            "assignedGroups": "6905728a-cf02-4741-b4cd-574edc4c5ead",
            "createdDate": "2025-10-15T21:04:30Z",
            "resolvedDate": null,
            "closedDate": null,
            "resolution": "Praesent id massa id nisl venenatis lacinia.",
            "category": "a0dbcde-feg3-32g6-7e8f-9a0b1c2d3e4f",
            "assignedTo": "9f3af483-5a0d-49a1-bc76-040f3f34eca1",
            "assignedToName": "Tera Bloxham",
            "reportedBy": "f5b7ffc5-9f7b-46bf-bed5-f2e39530553c",
            "reportedByName": "Fletcher Dickins",
            "assignedGroupName": "Business Development",
            "configurationItemName": "Legacy-App-Server"
        },
        {
            "id": "f8f0975f-0bdc-462d-b0b7-eeac1e308886",
            "incidentNumber": "INC000403",
            "title": "Morbi non quam nec dui luctus rutrum. Nulla tellus.",
            "description": "Vestibulum ac est lacinia nisi venenatis tristique. Fusce congue, diam id ornare imperdiet, sapien urna pretium nisl, ut volutpat sapien arcu sed augue. Aliquam erat volutpat.\n\nIn congue. Etiam justo. Etiam pretium iaculis justo.\n\nIn hac habitasse platea dictumst. Etiam faucibus cursus urna. Ut tellus.",
            "priority": "P2",
            "status": 4,
            "impact": "Medium",
            "urgency": "High",
            "assignedGroups": "713fba0f-4246-48db-ace4-40a7826587da",
            "createdDate": "2025-10-07T15:31:01Z",
            "resolvedDate": null,
            "closedDate": null,
            "resolution": "Etiam faucibus cursus urna. Ut tellus.",
            "category": "10a2b3c4-d5e6-4f7a-8b9c-0d1e2f3a4b5c",
            "assignedTo": "1949dfba-ae2c-40da-b852-d530407f2f75",
            "assignedToName": "Tomkin Oliphard",
            "reportedBy": "1d8beb9a-841b-4e5c-9dc2-01fefe46d1b9",
            "reportedByName": "Shela Campana",
            "assignedGroupName": "Application Support",
            "configurationItemName": "PROD-WEB-01"
        },
        {
            "id": "bce7ced8-c19b-4f7d-bf8a-472f0ae3bd5e",
            "incidentNumber": "INC000040",
            "title": "Donec dapibus. Duis at velit eu est congue elementum.",
            "description": "Phasellus in felis. Donec semper sapien a libero. Nam dui.\n\nProin leo odio, porttitor id, consequat in, consequat ut, nulla. Sed accumsan felis. Ut at dolor quis odio consequat varius.\n\nInteger ac leo. Pellentesque ultrices mattis odio. Donec vitae nisi.\n\nNam ultrices, libero non mattis pulvinar, nulla pede ullamcorper augue, a suscipit nulla elit ac nulla. Sed vel enim sit amet nunc viverra dapibus. Nulla suscipit ligula in lacus.\n\nCurabitur at ipsum ac tellus semper interdum. Mauris ullamcorper purus sit amet nulla. Quisque arcu libero, rutrum ac, lobortis vel, dapibus at, diam.",
            "priority": "P3",
            "status": 1,
            "impact": "Low",
            "urgency": "High",
            "assignedGroups": "713fba0f-4246-48db-ace4-40a7826587da",
            "createdDate": "2025-03-26T12:08:37Z",
            "resolvedDate": "2026-02-07T07:09:34Z",
            "closedDate": "2026-02-09T07:09:34Z",
            "resolution": "Duis ac nibh. Fusce lacus purus, aliquet at, feugiat non, pretium quis, lectus. Suspendisse potenti. In eleifend quam a odio.",
            "category": "20b3c4d5-e6f7-5a8b-9c0d-1e2f3a4b5c6d",
            "assignedTo": "7438be5c-9459-4828-be44-f41aecd2012b",
            "assignedToName": "Delora Garm",
            "reportedBy": "1949dfba-ae2c-40da-b852-d530407f2f75",
            "reportedByName": "Tomkin Oliphard",
            "assignedGroupName": "Application Support",
            "configurationItemName": "PROD-WEB-02"
        },
        {
            "id": "1953295a-7128-4744-aba3-1b9bbaed7be3",
            "incidentNumber": "INC000390",
            "title": "In est risus, auctor sed, tristique in, tempus sit amet, sem. Fusce consequat.",
            "description": "Maecenas ut massa quis augue luctus tincidunt. Nulla mollis molestie lorem. Quisque ut erat.\n\nCurabitur gravida nisi at nibh. In hac habitasse platea dictumst. Aliquam augue quam, sollicitudin vitae, consectetuer eget, rutrum at, lorem.\n\nInteger tincidunt ante vel ipsum. Praesent blandit lacinia erat. Vestibulum sed magna at nunc commodo placerat.\n\nPraesent blandit. Nam nulla. Integer pede justo, lacinia eget, tincidunt eget, tempus vel, pede.\n\nMorbi porttitor lorem id ligula. Suspendisse ornare consequat lectus. In est risus, auctor sed, tristique in, tempus sit amet, sem.",
            "priority": "P1",
            "status": 4,
            "impact": "High",
            "urgency": "High",
            "assignedGroups": "4da91180-d2c2-4db4-a4a9-5cfb0070c611",
            "createdDate": "2024-10-28T14:00:26Z",
            "resolvedDate": null,
            "closedDate": null,
            "resolution": "Praesent blandit lacinia erat. Vestibulum sed magna at nunc commodo placerat. Praesent blandit. Nam nulla. Integer pede justo, lacinia eget, tincidunt eget, tempus vel, pede.",
            "category": "30c4d5e6-f7a8-6b9c-0d1e-2f3a4b5c6d7e",
            "assignedTo": null,
            "assignedToName": null,
            "assignedGroupName": "Sales",
            "configurationItemName": "CRM Application"
        },
        {
            "id": "6d3a1976-8b79-41d2-bebf-61039a7da1bc",
            "incidentNumber": "INC000809",
            "title": "Duis bibendum, felis sed interdum venenatis, turpis enim blandit mi, in porttitor pede justo eu massa. Donec dapibus.",
            "description": "Cum sociis natoque penatibus et magnis dis parturient montes, nascetur ridiculus mus. Vivamus vestibulum sagittis sapien. Cum sociis natoque penatibus et magnis dis parturient montes, nascetur ridiculus mus.",
            "priority": "P2",
            "status": 4,
            "impact": "Medium",
            "urgency": "High",
            "assignedGroups": "713fba0f-4246-48db-ace4-40a7826587da",
            "createdDate": "2024-05-06T21:28:42Z",
            "resolvedDate": null,
            "closedDate": null,
            "resolution": "Sed sagittis.",
            "category": "40d5e6f7-a8b9-7ca0-1e2f-3a4b5c6d7e8f",
            "assignedTo": "96385666-5af0-4176-8bd3-d0ebdc3b0f26",
            "assignedToName": "Suzi Waitland",
            "reportedBy": "dfcac14c-b8da-42f9-817d-3fc8eb1ca920",
            "reportedByName": "Arte Donavan",
            "assignedGroupName": "Application Support",
            "configurationItemName": "PROD-DB-MASTER"
        },
        {
            "id": "c8e32ae6-a314-4e22-8f17-43109a5b58c7",
            "incidentNumber": "INC000584",
            "title": "Donec posuere metus vitae ipsum. Aliquam non mauris.",
            "description": "Praesent id massa id nisl venenatis lacinia. Aenean sit amet justo. Morbi ut odio.\n\nCras mi pede, malesuada in, imperdiet et, commodo vulputate, justo. In blandit ultrices enim. Lorem ipsum dolor sit amet, consectetuer adipiscing elit.\n\nProin interdum mauris non ligula pellentesque ultrices. Phasellus id sapien in sapien iaculis congue. Vivamus metus arcu, adipiscing molestie, hendrerit at, vulputate vitae, nisl.",
            "priority": "P4",
            "status": 2,
            "impact": "Low",
            "urgency": "Medium",
            "assignedGroups": "90eb88df-fc2a-4dd2-bfec-34fe1f2b70df",
            "createdDate": "2025-02-20T15:21:34Z",
            "resolvedDate": null,
            "closedDate": null,
            "resolution": "Vestibulum ac est lacinia nisi venenatis tristique. Fusce congue, diam id ornare imperdiet, sapien urna pretium nisl, ut volutpat sapien arcu sed augue.",
            "category": "50e6f7a8-b9ca-8db1-2f3a-4b5c6d7e8f9a",
            "assignedTo": "11607934-228b-4ebd-9948-76056c8dd67b",
            "assignedToName": "Janna Stutt",
            "reportedBy": "e8bce3ab-f6ac-47f0-a1b2-6caaedb409da",
            "reportedByName": "Gabbie McClosh",
            "assignedGroupName": "Accounting",
            "configurationItemName": "Core-Switch-01"
        },
        {
            "id": "8782036d-d924-402b-8e82-1ff570b13653",
            "incidentNumber": "INC000468",
            "title": "Etiam vel augue.",
            "description": "Duis bibendum, felis sed interdum venenatis, turpis enim blandit mi, in porttitor pede justo eu massa. Donec dapibus. Duis at velit eu est congue elementum.\n\nIn hac habitasse platea dictumst. Morbi vestibulum, velit id pretium iaculis, diam erat fermentum justo, nec condimentum neque sapien placerat ante. Nulla justo.\n\nAliquam quis turpis eget elit sodales scelerisque. Mauris sit amet eros. Suspendisse accumsan tortor quis turpis.",
            "priority": "P2",
            "status": 3,
            "impact": "High",
            "urgency": "Medium",
            "assignedGroups": "90eb88df-fc2a-4dd2-bfec-34fe1f2b70df",
            "createdDate": "2024-09-25T01:50:10Z",
            "resolvedDate": null,
            "closedDate": null,
            "resolution": "Vestibulum rutrum rutrum neque. Aenean auctor gravida sem. Praesent id massa id nisl venenatis lacinia. Aenean sit amet justo. Morbi ut odio.",
            "category": "60f7a8b9-cadb-9ec2-3a4b-5c6d7e8f9a0b",
            "assignedTo": "1d8beb9a-841b-4e5c-9dc2-01fefe46d1b9",
            "assignedToName": "Shela Campana",
            "reportedBy": "96385666-5af0-4176-8bd3-d0ebdc3b0f26",
            "reportedByName": "Suzi Waitland",
            "assignedGroupName": "Accounting",
            "configurationItemName": "SAN-Storage-01"
        },
        {
            "id": "2aa52433-b578-485b-8611-72ad9c12b71a",
            "incidentNumber": "INC000618",
            "title": "Morbi ut odio.",
            "description": "In congue. Etiam justo. Etiam pretium iaculis justo.\n\nIn hac habitasse platea dictumst. Etiam faucibus cursus urna. Ut tellus.\n\nNulla ut erat id mauris vulputate elementum. Nullam varius. Nulla facilisi.",
            "priority": "P3",
            "status": 2,
            "impact": "Medium",
            "urgency": "Medium",
            "assignedGroups": "713fba0f-4246-48db-ace4-40a7826587da",
            "createdDate": "2025-11-24T06:15:48Z",
            "resolvedDate": "2026-02-07T16:55:39Z",
            "closedDate": "2026-02-09T16:55:39Z",
            "resolution": "Nulla neque libero, convallis eget, eleifend luctus, ultricies eu, nibh. Quisque id justo sit amet sapien dignissim vestibulum.",
            "category": "70a8b9ca-dbec-0fd3-4b5c-6d7e8f9a0b1c",
            "assignedTo": "7438be5c-9459-4828-be44-f41aecd2012b",
            "assignedToName": "Delora Garm",
            "reportedBy": "3b282afe-312f-4859-aa13-10d7dea6cd91",
            "reportedByName": "Cammie Cowling",
            "assignedGroupName": "Application Support",
            "configurationItemName": "E-Commerce Platform"
        },
        {
            "id": "f4d4cb2b-247c-42ca-9715-31d7771023bd",
            "incidentNumber": "INC000114",
            "title": "Nulla nisl.",
            "description": "Nam ultrices, libero non mattis pulvinar, nulla pede ullamcorper augue, a suscipit nulla elit ac nulla. Sed vel enim sit amet nunc viverra dapibus. Nulla suscipit ligula in lacus.",
            "priority": "P3",
            "status": 2,
            "impact": "Low",
            "urgency": "High",
            "assignedGroups": "4da91180-d2c2-4db4-a4a9-5cfb0070c611",
            "createdDate": "2024-05-17T07:44:08Z",
            "resolvedDate": null,
            "closedDate": null,
            "resolution": "Morbi ut odio. Cras mi pede, malesuada in, imperdiet et, commodo vulputate, justo. In blandit ultrices enim. Lorem ipsum dolor sit amet, consectetuer adipiscing elit. Proin interdum mauris non ligula pellentesque ultrices.",
            "category": "80b9cadb-ecf1-10e4-5c6d-7e8f9a0b1c2d",
            "assignedTo": null,
            "assignedToName": null,
            "assignedGroupName": "Sales",
            "configurationItemName": "STG-WEB-01"
        },
        {
            "id": "6c625d0a-788c-4747-869e-230808d7d544",
            "incidentNumber": "INC000078",
            "title": "In blandit ultrices enim. Lorem ipsum dolor sit amet, consectetuer adipiscing elit.",
            "description": "Praesent id massa id nisl venenatis lacinia. Aenean sit amet justo. Morbi ut odio.\n\nCras mi pede, malesuada in, imperdiet et, commodo vulputate, justo. In blandit ultrices enim. Lorem ipsum dolor sit amet, consectetuer adipiscing elit.",
            "priority": "P1",
            "status": 4,
            "impact": "High",
            "urgency": "High",
            "assignedGroups": "4da91180-d2c2-4db4-a4a9-5cfb0070c611",
            "createdDate": "2026-01-19T13:31:51Z",
            "resolvedDate": null,
            "closedDate": null,
            "resolution": "Proin at turpis a pede posuere nonummy. Integer non velit. Donec diam neque, vestibulum eget, vulputate ut, ultrices vel, augue. Vestibulum ante ipsum primis in faucibus orci luctus et ultrices posuere cubilia Curae; Donec pharetra, magna vestibulum aliquet ultrices, erat tortor sollicitudin mi, sit amet lobortis sapien sapien non mi. Integer ac neque.",
            "category": "90cadbc-edf2-21f5-6d7e-8f9a0b1c2d3e",
            "assignedTo": null,
            "assignedToName": null,
            "assignedGroupName": "Sales",
            "configurationItemName": "DEV-DB-01"
        },
        {
            "id": "afda669b-905c-4b6a-8824-e34ab85fcc0d",
            "incidentNumber": "INC000923",
            "title": "Vestibulum ante ipsum primis in faucibus orci luctus et ultrices posuere cubilia Curae; Nulla dapibus dolor vel est.",
            "description": "Curabitur in libero ut massa volutpat convallis. Morbi odio odio, elementum eu, interdum eu, tincidunt in, leo. Maecenas pulvinar lobortis est.\n\nPhasellus sit amet erat. Nulla tempus. Vivamus in felis eu sapien cursus vestibulum.\n\nProin eu mi. Nulla ac enim. In tempor, turpis nec euismod scelerisque, quam turpis adipiscing lorem, vitae mattis nibh ligula nec sem.",
            "priority": "P2",
            "status": 1,
            "impact": "Medium",
            "urgency": "High",
            "assignedGroups": "4da91180-d2c2-4db4-a4a9-5cfb0070c611",
            "createdDate": "2025-06-04T22:43:39Z",
            "resolvedDate": "2026-02-07T23:13:06Z",
            "closedDate": "2026-02-09T23:13:06Z",
            "resolution": "Cum sociis natoque penatibus et magnis dis parturient montes, nascetur ridiculus mus. Vivamus vestibulum sagittis sapien. Cum sociis natoque penatibus et magnis dis parturient montes, nascetur ridiculus mus. Etiam vel augue. Vestibulum rutrum rutrum neque.",
            "category": "a0dbcde-feg3-32g6-7e8f-9a0b1c2d3e4f",
            "assignedTo": null,
            "assignedToName": null,
            "assignedGroupName": "Sales",
            "configurationItemName": "Legacy-App-Server"
        },
        {
            "id": "921bd2f3-c918-4dd1-96a0-fa6c5a026ef8",
            "incidentNumber": "INC000056",
            "title": "Donec vitae nisi. Nam ultrices, libero non mattis pulvinar, nulla pede ullamcorper augue, a suscipit nulla elit ac nulla.",
            "description": "Nullam porttitor lacus at turpis. Donec posuere metus vitae ipsum. Aliquam non mauris.\n\nMorbi non lectus. Aliquam sit amet diam in magna bibendum imperdiet. Nullam orci pede, venenatis non, sodales sed, tincidunt eu, felis.\n\nFusce posuere felis sed lacus. Morbi sem mauris, laoreet ut, rhoncus aliquet, pulvinar sed, nisl. Nunc rhoncus dui vel sem.",
            "priority": "P5",
            "status": 1,
            "impact": "Low",
            "urgency": "Low",
            "assignedGroups": "90eb88df-fc2a-4dd2-bfec-34fe1f2b70df",
            "createdDate": "2025-07-09T04:38:30Z",
            "resolvedDate": null,
            "closedDate": null,
            "resolution": "Vestibulum ante ipsum primis in faucibus orci luctus et ultrices posuere cubilia Curae; Duis faucibus accumsan odio. Curabitur convallis. Duis consequat dui nec nisi volutpat eleifend. Donec ut dolor.",
            "category": "10a2b3c4-d5e6-4f7a-8b9c-0d1e2f3a4b5c",
            "assignedTo": "11607934-228b-4ebd-9948-76056c8dd67b",
            "assignedToName": "Janna Stutt",
            "reportedBy": "f5b7ffc5-9f7b-46bf-bed5-f2e39530553c",
            "reportedByName": "Fletcher Dickins",
            "assignedGroupName": "Accounting",
            "configurationItemName": "PROD-WEB-01"
        },
        {
            "id": "7e981a55-6131-47a3-a588-3d19c8316f3f",
            "incidentNumber": "INC000053",
            "title": "Curabitur at ipsum ac tellus semper interdum.",
            "description": "Donec diam neque, vestibulum eget, vulputate ut, ultrices vel, augue. Vestibulum ante ipsum primis in faucibus orci luctus et ultrices posuere cubilia Curae; Donec pharetra, magna vestibulum aliquet ultrices, erat tortor sollicitudin mi, sit amet lobortis sapien sapien non mi. Integer ac neque.\n\nDuis bibendum. Morbi non quam nec dui luctus rutrum. Nulla tellus.",
            "priority": "P1",
            "status": 4,
            "impact": "High",
            "urgency": "High",
            "assignedGroups": "6905728a-cf02-4741-b4cd-574edc4c5ead",
            "createdDate": "2025-09-21T14:44:33Z",
            "resolvedDate": null,
            "closedDate": null,
            "resolution": "Aenean lectus. Pellentesque eget nunc. Donec quis orci eget orci vehicula condimentum. Curabitur in libero ut massa volutpat convallis. Morbi odio odio, elementum eu, interdum eu, tincidunt in, leo.",
            "category": "20b3c4d5-e6f7-5a8b-9c0d-1e2f3a4b5c6d",
            "assignedTo": "9f3af483-5a0d-49a1-bc76-040f3f34eca1",
            "assignedToName": "Tera Bloxham",
            "reportedBy": "fca30e3b-8173-4ac1-b7a9-86a521b9af73",
            "reportedByName": "Rianon Beecroft",
            "assignedGroupName": "Business Development",
            "configurationItemName": "PROD-WEB-02"
        },
        {
            "id": "33ec7624-d9c0-4090-a30b-d7dd0e846c67",
            "incidentNumber": "INC000381",
            "title": "In quis justo. Maecenas rhoncus aliquam lacus.",
            "description": "Aenean fermentum. Donec ut mauris eget massa tempor convallis. Nulla neque libero, convallis eget, eleifend luctus, ultricies eu, nibh.\n\nQuisque id justo sit amet sapien dignissim vestibulum. Vestibulum ante ipsum primis in faucibus orci luctus et ultrices posuere cubilia Curae; Nulla dapibus dolor vel est. Donec odio justo, sollicitudin ut, suscipit a, feugiat et, eros.\n\nVestibulum ac est lacinia nisi venenatis tristique. Fusce congue, diam id ornare imperdiet, sapien urna pretium nisl, ut volutpat sapien arcu sed augue. Aliquam erat volutpat.\n\nIn congue. Etiam justo. Etiam pretium iaculis justo.\n\nIn hac habitasse platea dictumst. Etiam faucibus cursus urna. Ut tellus.",
            "priority": "P2",
            "status": 2,
            "impact": "Medium",
            "urgency": "High",
            "assignedGroups": "4da91180-d2c2-4db4-a4a9-5cfb0070c611",
            "createdDate": "2025-05-22T10:00:16Z",
            "resolvedDate": "2026-02-07T09:56:33Z",
            "closedDate": "2026-02-09T09:56:33Z",
            "resolution": "Proin eu mi.",
            "category": "30c4d5e6-f7a8-6b9c-0d1e-2f3a4b5c6d7e",
            "assignedTo": null,
            "assignedToName": null,
            "assignedGroupName": "Sales",
            "configurationItemName": "CRM Application"
        },
        {
            "id": "e7bcb5ca-e127-409e-b754-e51098e0fb3f",
            "incidentNumber": "INC000707",
            "title": "Nulla tellus. In sagittis dui vel nisl.",
            "description": "Fusce posuere felis sed lacus. Morbi sem mauris, laoreet ut, rhoncus aliquet, pulvinar sed, nisl. Nunc rhoncus dui vel sem.",
            "priority": "P3",
            "status": 2,
            "impact": "Low",
            "urgency": "High",
            "assignedGroups": "fb7f35ee-e6ce-46d8-b95e-adfaf9721b77",
            "createdDate": "2024-04-11T17:05:06Z",
            "resolvedDate": null,
            "closedDate": null,
            "resolution": "Curabitur at ipsum ac tellus semper interdum.",
            "category": "40d5e6f7-a8b9-7ca0-1e2f-3a4b5c6d7e8f",
            "assignedTo": "732c56cf-3c66-4146-aaeb-5799580bcff0",
            "assignedToName": "Willard Human",
            "reportedBy": "2b6400ae-4bee-4909-8d21-8edf25b0a075",
            "reportedByName": "Raimund Totton",
            "assignedGroupName": "Human Resources",
            "configurationItemName": "PROD-DB-MASTER"
        },
        {
            "id": "bb950d48-a045-42df-b361-290a812ff393",
            "incidentNumber": "INC000218",
            "title": "Nam ultrices, libero non mattis pulvinar, nulla pede ullamcorper augue, a suscipit nulla elit ac nulla.",
            "description": "Integer tincidunt ante vel ipsum. Praesent blandit lacinia erat. Vestibulum sed magna at nunc commodo placerat.\n\nPraesent blandit. Nam nulla. Integer pede justo, lacinia eget, tincidunt eget, tempus vel, pede.\n\nMorbi porttitor lorem id ligula. Suspendisse ornare consequat lectus. In est risus, auctor sed, tristique in, tempus sit amet, sem.\n\nFusce consequat. Nulla nisl. Nunc nisl.",
            "priority": "P3",
            "status": 4,
            "impact": "High",
            "urgency": "Low",
            "assignedGroups": "ed200833-c8c6-42aa-a647-550ea3fd005f",
            "createdDate": "2024-10-05T19:45:15Z",
            "resolvedDate": null,
            "closedDate": null,
            "resolution": "Vestibulum sed magna at nunc commodo placerat. Praesent blandit. Nam nulla. Integer pede justo, lacinia eget, tincidunt eget, tempus vel, pede. Morbi porttitor lorem id ligula.",
            "category": "50e6f7a8-b9ca-8db1-2f3a-4b5c6d7e8f9a",
            "assignedTo": "e8bce3ab-f6ac-47f0-a1b2-6caaedb409da",
            "assignedToName": "Gabbie McClosh",
            "reportedBy": "b0979bc2-ebf6-4675-b5b8-91b867d22682",
            "reportedByName": "Mallissa Semon",
            "assignedGroupName": "Services",
            "configurationItemName": "Core-Switch-01"
        },
        {
            "id": "053ed47a-4acc-4d7f-8bb0-d17acbef502c",
            "incidentNumber": "INC000312",
            "title": "Quisque porta volutpat erat.",
            "description": "Fusce consequat. Nulla nisl. Nunc nisl.\n\nDuis bibendum, felis sed interdum venenatis, turpis enim blandit mi, in porttitor pede justo eu massa. Donec dapibus. Duis at velit eu est congue elementum.",
            "priority": "P2",
            "status": 1,
            "impact": "Medium",
            "urgency": "High",
            "assignedGroups": "fb7f35ee-e6ce-46d8-b95e-adfaf9721b77",
            "createdDate": "2025-03-05T14:01:06Z",
            "resolvedDate": null,
            "closedDate": null,
            "resolution": "Morbi non quam nec dui luctus rutrum. Nulla tellus. In sagittis dui vel nisl.",
            "category": "60f7a8b9-cadb-9ec2-3a4b-5c6d7e8f9a0b",
            "assignedTo": "732c56cf-3c66-4146-aaeb-5799580bcff0",
            "assignedToName": "Willard Human",
            "reportedBy": "7438be5c-9459-4828-be44-f41aecd2012b",
            "reportedByName": "Delora Garm",
            "assignedGroupName": "Human Resources",
            "configurationItemName": "SAN-Storage-01"
        },
        {
            "id": "d809b131-b2aa-4400-8074-7c621a353bd2",
            "incidentNumber": "INC000987",
            "title": "Quisque arcu libero, rutrum ac, lobortis vel, dapibus at, diam.",
            "description": "Proin leo odio, porttitor id, consequat in, consequat ut, nulla. Sed accumsan felis. Ut at dolor quis odio consequat varius.\n\nInteger ac leo. Pellentesque ultrices mattis odio. Donec vitae nisi.\n\nNam ultrices, libero non mattis pulvinar, nulla pede ullamcorper augue, a suscipit nulla elit ac nulla. Sed vel enim sit amet nunc viverra dapibus. Nulla suscipit ligula in lacus.",
            "priority": "P3",
            "status": 1,
            "impact": "Low",
            "urgency": "High",
            "assignedGroups": "713fba0f-4246-48db-ace4-40a7826587da",
            "createdDate": "2025-12-02T11:41:54Z",
            "resolvedDate": null,
            "closedDate": null,
            "resolution": "Aliquam augue quam, sollicitudin vitae, consectetuer eget, rutrum at, lorem. Integer tincidunt ante vel ipsum.",
            "category": "70a8b9ca-dbec-0fd3-4b5c-6d7e8f9a0b1c",
            "assignedTo": "7438be5c-9459-4828-be44-f41aecd2012b",
            "assignedToName": "Delora Garm",
            "reportedBy": "11607934-228b-4ebd-9948-76056c8dd67b",
            "reportedByName": "Janna Stutt",
            "assignedGroupName": "Application Support",
            "configurationItemName": "E-Commerce Platform"
        },
        {
            "id": "d61b4f09-5175-4665-b6a5-b8bb30497c47",
            "incidentNumber": "INC000333",
            "title": "Aenean auctor gravida sem. Praesent id massa id nisl venenatis lacinia.",
            "description": "Nulla ut erat id mauris vulputate elementum. Nullam varius. Nulla facilisi.\n\nCras non velit nec nisi vulputate nonummy. Maecenas tincidunt lacus at velit. Vivamus vel nulla eget eros elementum pellentesque.",
            "priority": "P2",
            "status": 3,
            "impact": "High",
            "urgency": "Medium",
            "assignedGroups": "713fba0f-4246-48db-ace4-40a7826587da",
            "createdDate": "2024-04-12T22:45:35Z",
            "resolvedDate": null,
            "closedDate": null,
            "resolution": "Nullam varius.",
            "category": "80b9cadb-ecf1-10e4-5c6d-7e8f9a0b1c2d",
            "assignedTo": "92c22c79-8b5d-487a-8f86-e5a171d31625",
            "assignedToName": "Eleonora Rivitt",
            "reportedBy": "312c9b9f-202c-4d7b-a436-613aae953091",
            "reportedByName": "Gnni Haywood",
            "assignedGroupName": "Application Support",
            "configurationItemName": "STG-WEB-01"
        },
        {
            "id": "4078bc66-14f9-4d50-a716-1cb20af70442",
            "incidentNumber": "INC000318",
            "title": "Lorem ipsum dolor sit amet, consectetuer adipiscing elit. Proin risus.",
            "description": "Cras non velit nec nisi vulputate nonummy. Maecenas tincidunt lacus at velit. Vivamus vel nulla eget eros elementum pellentesque.\n\nQuisque porta volutpat erat. Quisque erat eros, viverra eget, congue eget, semper rutrum, nulla. Nunc purus.",
            "priority": "P2",
            "status": 1,
            "impact": "Medium",
            "urgency": "High",
            "assignedGroups": "1a12f404-1013-475f-9d7f-bc155b292189",
            "createdDate": "2025-11-02T04:16:45Z",
            "resolvedDate": null,
            "closedDate": null,
            "resolution": "In eleifend quam a odio.",
            "category": "90cadbc-edf2-21f5-6d7e-8f9a0b1c2d3e",
            "assignedTo": "b0979bc2-ebf6-4675-b5b8-91b867d22682",
            "assignedToName": "Mallissa Semon",
            "reportedBy": "5802fe00-9106-499c-883a-61bd7f3626c7",
            "reportedByName": "Estrellita Mendel",
            "assignedGroupName": "Infrastructure and Cloud Operations",
            "configurationItemName": "DEV-DB-01"
        },
        {
            "id": "c8eb1a26-0d4f-4619-a15d-83a4128cbd84",
            "incidentNumber": "INC000362",
            "title": "Duis bibendum, felis sed interdum venenatis, turpis enim blandit mi, in porttitor pede justo eu massa.",
            "description": "In hac habitasse platea dictumst. Morbi vestibulum, velit id pretium iaculis, diam erat fermentum justo, nec condimentum neque sapien placerat ante. Nulla justo.\n\nAliquam quis turpis eget elit sodales scelerisque. Mauris sit amet eros. Suspendisse accumsan tortor quis turpis.\n\nSed ante. Vivamus tortor. Duis mattis egestas metus.\n\nAenean fermentum. Donec ut mauris eget massa tempor convallis. Nulla neque libero, convallis eget, eleifend luctus, ultricies eu, nibh.\n\nQuisque id justo sit amet sapien dignissim vestibulum. Vestibulum ante ipsum primis in faucibus orci luctus et ultrices posuere cubilia Curae; Nulla dapibus dolor vel est. Donec odio justo, sollicitudin ut, suscipit a, feugiat et, eros.",
            "priority": "P5",
            "status": 3,
            "impact": "Low",
            "urgency": "Low",
            "assignedGroups": "4da91180-d2c2-4db4-a4a9-5cfb0070c611",
            "createdDate": "2024-03-30T20:54:53Z",
            "resolvedDate": null,
            "closedDate": null,
            "resolution": "In blandit ultrices enim. Lorem ipsum dolor sit amet, consectetuer adipiscing elit. Proin interdum mauris non ligula pellentesque ultrices. Phasellus id sapien in sapien iaculis congue.",
            "category": "a0dbcde-feg3-32g6-7e8f-9a0b1c2d3e4f",
            "assignedTo": null,
            "assignedToName": null,
            "assignedGroupName": "Sales",
            "configurationItemName": "Legacy-App-Server"
        },
        {
            "id": "4d29ccff-ed2f-4399-a67d-193902f9c222",
            "incidentNumber": "INC000715",
            "title": "Ut at dolor quis odio consequat varius.",
            "description": "Aenean fermentum. Donec ut mauris eget massa tempor convallis. Nulla neque libero, convallis eget, eleifend luctus, ultricies eu, nibh.\n\nQuisque id justo sit amet sapien dignissim vestibulum. Vestibulum ante ipsum primis in faucibus orci luctus et ultrices posuere cubilia Curae; Nulla dapibus dolor vel est. Donec odio justo, sollicitudin ut, suscipit a, feugiat et, eros.\n\nVestibulum ac est lacinia nisi venenatis tristique. Fusce congue, diam id ornare imperdiet, sapien urna pretium nisl, ut volutpat sapien arcu sed augue. Aliquam erat volutpat.\n\nIn congue. Etiam justo. Etiam pretium iaculis justo.",
            "priority": "P2",
            "status": 2,
            "impact": "High",
            "urgency": "Medium",
            "assignedGroups": "90eb88df-fc2a-4dd2-bfec-34fe1f2b70df",
            "createdDate": "2025-09-16T16:10:50Z",
            "resolvedDate": null,
            "closedDate": null,
            "resolution": "Duis aliquam convallis nunc. Proin at turpis a pede posuere nonummy. Integer non velit. Donec diam neque, vestibulum eget, vulputate ut, ultrices vel, augue. Vestibulum ante ipsum primis in faucibus orci luctus et ultrices posuere cubilia Curae; Donec pharetra, magna vestibulum aliquet ultrices, erat tortor sollicitudin mi, sit amet lobortis sapien sapien non mi.",
            "category": "10a2b3c4-d5e6-4f7a-8b9c-0d1e2f3a4b5c",
            "assignedTo": "11607934-228b-4ebd-9948-76056c8dd67b",
            "assignedToName": "Janna Stutt",
            "reportedBy": "1949dfba-ae2c-40da-b852-d530407f2f75",
            "reportedByName": "Tomkin Oliphard",
            "assignedGroupName": "Accounting",
            "configurationItemName": "PROD-WEB-01"
        },
        {
            "id": "0b5cf659-a661-4c42-b41d-49538571a08d",
            "incidentNumber": "INC000851",
            "title": "Integer pede justo, lacinia eget, tincidunt eget, tempus vel, pede. Morbi porttitor lorem id ligula.",
            "description": "Phasellus sit amet erat. Nulla tempus. Vivamus in felis eu sapien cursus vestibulum.",
            "priority": "P3",
            "status": 4,
            "impact": "Medium",
            "urgency": "Medium",
            "assignedGroups": "fb7f35ee-e6ce-46d8-b95e-adfaf9721b77",
            "createdDate": "2024-04-09T07:33:31Z",
            "resolvedDate": null,
            "closedDate": null,
            "resolution": "Morbi non quam nec dui luctus rutrum. Nulla tellus.",
            "category": "20b3c4d5-e6f7-5a8b-9c0d-1e2f3a4b5c6d",
            "assignedTo": "732c56cf-3c66-4146-aaeb-5799580bcff0",
            "assignedToName": "Willard Human",
            "reportedBy": "6c22653f-b2a3-46dd-b7af-8e0f62115462",
            "reportedByName": "Shana Bratty",
            "assignedGroupName": "Human Resources",
            "configurationItemName": "PROD-WEB-02"
        },
        {
            "id": "6b3ae4a7-0d3e-474a-b4c1-62ad20bab65f",
            "incidentNumber": "INC000750",
            "title": "Cras in purus eu magna vulputate luctus. Cum sociis natoque penatibus et magnis dis parturient montes, nascetur ridiculus mus.",
            "description": "Duis consequat dui nec nisi volutpat eleifend. Donec ut dolor. Morbi vel lectus in quam fringilla rhoncus.\n\nMauris enim leo, rhoncus sed, vestibulum sit amet, cursus id, turpis. Integer aliquet, massa id lobortis convallis, tortor risus dapibus augue, vel accumsan tellus nisi eu orci. Mauris lacinia sapien quis libero.",
            "priority": "P3",
            "status": 4,
            "impact": "Low",
            "urgency": "High",
            "assignedGroups": "90eb88df-fc2a-4dd2-bfec-34fe1f2b70df",
            "createdDate": "2024-12-09T00:31:00Z",
            "resolvedDate": "2026-02-07T00:12:37Z",
            "closedDate": "2026-02-09T00:12:37Z",
            "resolution": "Etiam vel augue.",
            "category": "30c4d5e6-f7a8-6b9c-0d1e-2f3a4b5c6d7e",
            "assignedTo": "11607934-228b-4ebd-9948-76056c8dd67b",
            "assignedToName": "Janna Stutt",
            "reportedBy": "dfcac14c-b8da-42f9-817d-3fc8eb1ca920",
            "reportedByName": "Arte Donavan",
            "assignedGroupName": "Accounting",
            "configurationItemName": "CRM Application"
        },
        {
            "id": "15f5723d-78f8-440c-a154-4250c646e473",
            "incidentNumber": "INC000593",
            "title": "Nullam varius.",
            "description": "Praesent id massa id nisl venenatis lacinia. Aenean sit amet justo. Morbi ut odio.\n\nCras mi pede, malesuada in, imperdiet et, commodo vulputate, justo. In blandit ultrices enim. Lorem ipsum dolor sit amet, consectetuer adipiscing elit.\n\nProin interdum mauris non ligula pellentesque ultrices. Phasellus id sapien in sapien iaculis congue. Vivamus metus arcu, adipiscing molestie, hendrerit at, vulputate vitae, nisl.\n\nAenean lectus. Pellentesque eget nunc. Donec quis orci eget orci vehicula condimentum.\n\nCurabitur in libero ut massa volutpat convallis. Morbi odio odio, elementum eu, interdum eu, tincidunt in, leo. Maecenas pulvinar lobortis est.",
            "priority": "P1",
            "status": 2,
            "impact": "High",
            "urgency": "High",
            "assignedGroups": "1a12f404-1013-475f-9d7f-bc155b292189",
            "createdDate": "2024-12-12T08:12:41Z",
            "resolvedDate": null,
            "closedDate": null,
            "resolution": "Morbi odio odio, elementum eu, interdum eu, tincidunt in, leo. Maecenas pulvinar lobortis est. Phasellus sit amet erat.",
            "category": "40d5e6f7-a8b9-7ca0-1e2f-3a4b5c6d7e8f",
            "assignedTo": "dfcac14c-b8da-42f9-817d-3fc8eb1ca920",
            "assignedToName": "Arte Donavan",
            "reportedBy": "e8bce3ab-f6ac-47f0-a1b2-6caaedb409da",
            "reportedByName": "Gabbie McClosh",
            "assignedGroupName": "Infrastructure and Cloud Operations",
            "configurationItemName": "PROD-DB-MASTER"
        },
        {
            "id": "d3157322-3dd2-48f8-a358-97b7e17c4ab4",
            "incidentNumber": "INC000112",
            "title": "Maecenas leo odio, condimentum id, luctus nec, molestie sed, justo.",
            "description": "Duis bibendum, felis sed interdum venenatis, turpis enim blandit mi, in porttitor pede justo eu massa. Donec dapibus. Duis at velit eu est congue elementum.\n\nIn hac habitasse platea dictumst. Morbi vestibulum, velit id pretium iaculis, diam erat fermentum justo, nec condimentum neque sapien placerat ante. Nulla justo.\n\nAliquam quis turpis eget elit sodales scelerisque. Mauris sit amet eros. Suspendisse accumsan tortor quis turpis.\n\nSed ante. Vivamus tortor. Duis mattis egestas metus.",
            "priority": "P2",
            "status": 1,
            "impact": "Medium",
            "urgency": "High",
            "assignedGroups": "90eb88df-fc2a-4dd2-bfec-34fe1f2b70df",
            "createdDate": "2024-12-02T10:52:43Z",
            "resolvedDate": null,
            "closedDate": null,
            "resolution": "In tempor, turpis nec euismod scelerisque, quam turpis adipiscing lorem, vitae mattis nibh ligula nec sem.",
            "category": "50e6f7a8-b9ca-8db1-2f3a-4b5c6d7e8f9a",
            "assignedTo": "11607934-228b-4ebd-9948-76056c8dd67b",
            "assignedToName": "Janna Stutt",
            "reportedBy": "96385666-5af0-4176-8bd3-d0ebdc3b0f26",
            "reportedByName": "Suzi Waitland",
            "assignedGroupName": "Accounting",
            "configurationItemName": "Core-Switch-01"
        },
        {
            "id": "8e122873-2d12-4ec4-971b-7b04f779fb41",
            "incidentNumber": "INC000038",
            "title": "Nullam sit amet turpis elementum ligula vehicula consequat.",
            "description": "Praesent blandit. Nam nulla. Integer pede justo, lacinia eget, tincidunt eget, tempus vel, pede.",
            "priority": "P3",
            "status": 1,
            "impact": "Low",
            "urgency": "High",
            "assignedGroups": "6905728a-cf02-4741-b4cd-574edc4c5ead",
            "createdDate": "2025-11-25T23:56:50Z",
            "resolvedDate": null,
            "closedDate": null,
            "resolution": "Vestibulum quam sapien, varius ut, blandit non, interdum in, ante.",
            "category": "60f7a8b9-cadb-9ec2-3a4b-5c6d7e8f9a0b",
            "assignedTo": "312c9b9f-202c-4d7b-a436-613aae953091",
            "assignedToName": "Gnni Haywood",
            "reportedBy": "b0979bc2-ebf6-4675-b5b8-91b867d22682",
            "reportedByName": "Mallissa Semon",
            "assignedGroupName": "Business Development",
            "configurationItemName": "SAN-Storage-01"
        },
        {
            "id": "3933abb1-98f9-4adb-a0ae-ccc2be2886b8",
            "incidentNumber": "INC000831",
            "title": "Donec posuere metus vitae ipsum.",
            "description": "Maecenas leo odio, condimentum id, luctus nec, molestie sed, justo. Pellentesque viverra pede ac diam. Cras pellentesque volutpat dui.",
            "priority": "P1",
            "status": 4,
            "impact": "High",
            "urgency": "High",
            "assignedGroups": "fb7f35ee-e6ce-46d8-b95e-adfaf9721b77",
            "createdDate": "2024-08-03T23:19:13Z",
            "resolvedDate": null,
            "closedDate": null,
            "resolution": "Etiam vel augue. Vestibulum rutrum rutrum neque. Aenean auctor gravida sem. Praesent id massa id nisl venenatis lacinia. Aenean sit amet justo.",
            "category": "70a8b9ca-dbec-0fd3-4b5c-6d7e8f9a0b1c",
            "assignedTo": "5802fe00-9106-499c-883a-61bd7f3626c7",
            "assignedToName": "Estrellita Mendel",
            "reportedBy": "92c22c79-8b5d-487a-8f86-e5a171d31625",
            "reportedByName": "Eleonora Rivitt",
            "assignedGroupName": "Human Resources",
            "configurationItemName": "E-Commerce Platform"
        },
        {
            "id": "8d8a8393-1528-4787-b2ae-5062ca61fcb3",
            "incidentNumber": "INC000452",
            "title": "Donec diam neque, vestibulum eget, vulputate ut, ultrices vel, augue. Vestibulum ante ipsum primis in faucibus orci luctus et ultrices posuere cubilia Curae; Donec pharetra, magna vestibulum aliquet ultrices, erat tortor sollicitudin mi, sit amet lobortis sapien sapien non mi.",
            "description": "In sagittis dui vel nisl. Duis ac nibh. Fusce lacus purus, aliquet at, feugiat non, pretium quis, lectus.\n\nSuspendisse potenti. In eleifend quam a odio. In hac habitasse platea dictumst.\n\nMaecenas ut massa quis augue luctus tincidunt. Nulla mollis molestie lorem. Quisque ut erat.\n\nCurabitur gravida nisi at nibh. In hac habitasse platea dictumst. Aliquam augue quam, sollicitudin vitae, consectetuer eget, rutrum at, lorem.\n\nInteger tincidunt ante vel ipsum. Praesent blandit lacinia erat. Vestibulum sed magna at nunc commodo placerat.",
            "priority": "P4",
            "status": 4,
            "impact": "Medium",
            "urgency": "Low",
            "assignedGroups": "90eb88df-fc2a-4dd2-bfec-34fe1f2b70df",
            "createdDate": "2025-04-11T21:37:05Z",
            "resolvedDate": null,
            "closedDate": null,
            "resolution": "Vestibulum ante ipsum primis in faucibus orci luctus et ultrices posuere cubilia Curae; Mauris viverra diam vitae quam. Suspendisse potenti. Nullam porttitor lacus at turpis. Donec posuere metus vitae ipsum.",
            "category": "80b9cadb-ecf1-10e4-5c6d-7e8f9a0b1c2d",
            "assignedTo": "1d8beb9a-841b-4e5c-9dc2-01fefe46d1b9",
            "assignedToName": "Shela Campana",
            "reportedBy": "11607934-228b-4ebd-9948-76056c8dd67b",
            "reportedByName": "Janna Stutt",
            "assignedGroupName": "Accounting",
            "configurationItemName": "STG-WEB-01"
        },
        {
            "id": "01f7952c-5eeb-4361-8e81-3bca7dbc6a7e",
            "incidentNumber": "INC000095",
            "title": "Morbi odio odio, elementum eu, interdum eu, tincidunt in, leo.",
            "description": "Etiam vel augue. Vestibulum rutrum rutrum neque. Aenean auctor gravida sem.",
            "priority": "P3",
            "status": 3,
            "impact": "Low",
            "urgency": "High",
            "assignedGroups": "6905728a-cf02-4741-b4cd-574edc4c5ead",
            "createdDate": "2024-06-16T01:49:10Z",
            "resolvedDate": null,
            "closedDate": null,
            "resolution": "Curabitur convallis. Duis consequat dui nec nisi volutpat eleifend. Donec ut dolor. Morbi vel lectus in quam fringilla rhoncus. Mauris enim leo, rhoncus sed, vestibulum sit amet, cursus id, turpis.",
            "category": "90cadbc-edf2-21f5-6d7e-8f9a0b1c2d3e",
            "assignedTo": "312c9b9f-202c-4d7b-a436-613aae953091",
            "assignedToName": "Gnni Haywood",
            "reportedBy": "73bf3c88-960b-4c3b-a6d4-57f28c9b9200",
            "reportedByName": "Eziechiele Maher",
            "assignedGroupName": "Business Development",
            "configurationItemName": "DEV-DB-01"
        },
        {
            "id": "ab0ccfcb-a400-48bd-81d8-b88fe0977f43",
            "incidentNumber": "INC000757",
            "title": "Ut tellus.",
            "description": "Cras mi pede, malesuada in, imperdiet et, commodo vulputate, justo. In blandit ultrices enim. Lorem ipsum dolor sit amet, consectetuer adipiscing elit.",
            "priority": "P2",
            "status": 2,
            "impact": "High",
            "urgency": "Medium",
            "assignedGroups": "6905728a-cf02-4741-b4cd-574edc4c5ead",
            "createdDate": "2025-09-21T01:03:49Z",
            "resolvedDate": null,
            "closedDate": null,
            "resolution": "Pellentesque ultrices mattis odio. Donec vitae nisi. Nam ultrices, libero non mattis pulvinar, nulla pede ullamcorper augue, a suscipit nulla elit ac nulla. Sed vel enim sit amet nunc viverra dapibus.",
            "category": "a0dbcde-feg3-32g6-7e8f-9a0b1c2d3e4f",
            "assignedTo": "9f3af483-5a0d-49a1-bc76-040f3f34eca1",
            "assignedToName": "Tera Bloxham",
            "reportedBy": "6c22653f-b2a3-46dd-b7af-8e0f62115462",
            "reportedByName": "Shana Bratty",
            "assignedGroupName": "Business Development",
            "configurationItemName": "Legacy-App-Server"
        },
        {
            "id": "bea198ea-f787-4d55-b95a-7b6198a2b26f",
            "incidentNumber": "INC000753",
            "title": "Fusce congue, diam id ornare imperdiet, sapien urna pretium nisl, ut volutpat sapien arcu sed augue.",
            "description": "In sagittis dui vel nisl. Duis ac nibh. Fusce lacus purus, aliquet at, feugiat non, pretium quis, lectus.\n\nSuspendisse potenti. In eleifend quam a odio. In hac habitasse platea dictumst.\n\nMaecenas ut massa quis augue luctus tincidunt. Nulla mollis molestie lorem. Quisque ut erat.\n\nCurabitur gravida nisi at nibh. In hac habitasse platea dictumst. Aliquam augue quam, sollicitudin vitae, consectetuer eget, rutrum at, lorem.",
            "priority": "P2",
            "status": 2,
            "impact": "Medium",
            "urgency": "High",
            "assignedGroups": "1a12f404-1013-475f-9d7f-bc155b292189",
            "createdDate": "2024-10-31T08:06:52Z",
            "resolvedDate": null,
            "closedDate": null,
            "resolution": "Praesent blandit. Nam nulla. Integer pede justo, lacinia eget, tincidunt eget, tempus vel, pede. Morbi porttitor lorem id ligula. Suspendisse ornare consequat lectus.",
            "category": "10a2b3c4-d5e6-4f7a-8b9c-0d1e2f3a4b5c",
            "assignedTo": "b0979bc2-ebf6-4675-b5b8-91b867d22682",
            "assignedToName": "Mallissa Semon",
            "reportedBy": "1d8beb9a-841b-4e5c-9dc2-01fefe46d1b9",
            "reportedByName": "Shela Campana",
            "assignedGroupName": "Infrastructure and Cloud Operations",
            "configurationItemName": "PROD-WEB-01"
        },
        {
            "id": "d0f9dec7-24b8-43c9-92ed-dfc94f3dcdf1",
            "incidentNumber": "INC000060",
            "title": "Etiam faucibus cursus urna.",
            "description": "Suspendisse potenti. In eleifend quam a odio. In hac habitasse platea dictumst.\n\nMaecenas ut massa quis augue luctus tincidunt. Nulla mollis molestie lorem. Quisque ut erat.\n\nCurabitur gravida nisi at nibh. In hac habitasse platea dictumst. Aliquam augue quam, sollicitudin vitae, consectetuer eget, rutrum at, lorem.\n\nInteger tincidunt ante vel ipsum. Praesent blandit lacinia erat. Vestibulum sed magna at nunc commodo placerat.",
            "priority": "P3",
            "status": 3,
            "impact": "Low",
            "urgency": "High",
            "assignedGroups": "ed200833-c8c6-42aa-a647-550ea3fd005f",
            "createdDate": "2024-04-25T18:38:20Z",
            "resolvedDate": null,
            "closedDate": null,
            "resolution": "Morbi non lectus. Aliquam sit amet diam in magna bibendum imperdiet. Nullam orci pede, venenatis non, sodales sed, tincidunt eu, felis. Fusce posuere felis sed lacus.",
            "category": "20b3c4d5-e6f7-5a8b-9c0d-1e2f3a4b5c6d",
            "assignedTo": "646cfe81-49d5-494b-b670-359bbde6f307",
            "assignedToName": "Ethel Crighton",
            "reportedBy": "9f3af483-5a0d-49a1-bc76-040f3f34eca1",
            "reportedByName": "Tera Bloxham",
            "assignedGroupName": "Services",
            "configurationItemName": "PROD-WEB-02"
        },
        {
            "id": "70f6488e-1baf-4cb9-951c-64078aeb2017",
            "incidentNumber": "INC000075",
            "title": "Quisque arcu libero, rutrum ac, lobortis vel, dapibus at, diam.",
            "description": "Maecenas leo odio, condimentum id, luctus nec, molestie sed, justo. Pellentesque viverra pede ac diam. Cras pellentesque volutpat dui.",
            "priority": "P1",
            "status": 2,
            "impact": "High",
            "urgency": "High",
            "assignedGroups": "fb7f35ee-e6ce-46d8-b95e-adfaf9721b77",
            "createdDate": "2025-01-09T12:18:13Z",
            "resolvedDate": null,
            "closedDate": null,
            "resolution": "Nulla ac enim. In tempor, turpis nec euismod scelerisque, quam turpis adipiscing lorem, vitae mattis nibh ligula nec sem. Duis aliquam convallis nunc.",
            "category": "30c4d5e6-f7a8-6b9c-0d1e-2f3a4b5c6d7e",
            "assignedTo": "5802fe00-9106-499c-883a-61bd7f3626c7",
            "assignedToName": "Estrellita Mendel",
            "reportedBy": "96385666-5af0-4176-8bd3-d0ebdc3b0f26",
            "reportedByName": "Suzi Waitland",
            "assignedGroupName": "Human Resources",
            "configurationItemName": "CRM Application"
        },
        {
            "id": "d147aea2-a33b-4d30-8a4b-df95014869dc",
            "incidentNumber": "INC000439",
            "title": "Lorem ipsum dolor sit amet, consectetuer adipiscing elit.",
            "description": "Phasellus sit amet erat. Nulla tempus. Vivamus in felis eu sapien cursus vestibulum.",
            "priority": "P2",
            "status": 4,
            "impact": "Medium",
            "urgency": "High",
            "assignedGroups": "713fba0f-4246-48db-ace4-40a7826587da",
            "createdDate": "2024-12-11T08:46:32Z",
            "resolvedDate": null,
            "closedDate": null,
            "resolution": "Praesent lectus.",
            "category": "40d5e6f7-a8b9-7ca0-1e2f-3a4b5c6d7e8f",
            "assignedTo": "96385666-5af0-4176-8bd3-d0ebdc3b0f26",
            "assignedToName": "Suzi Waitland",
            "reportedBy": "b0979bc2-ebf6-4675-b5b8-91b867d22682",
            "reportedByName": "Mallissa Semon",
            "assignedGroupName": "Application Support",
            "configurationItemName": "PROD-DB-MASTER"
        },
        {
            "id": "477bb860-c870-4d58-82d9-a66832dd73c8",
            "incidentNumber": "INC000842",
            "title": "Curabitur gravida nisi at nibh. In hac habitasse platea dictumst.",
            "description": "Proin leo odio, porttitor id, consequat in, consequat ut, nulla. Sed accumsan felis. Ut at dolor quis odio consequat varius.\n\nInteger ac leo. Pellentesque ultrices mattis odio. Donec vitae nisi.",
            "priority": "P3",
            "status": 4,
            "impact": "Low",
            "urgency": "High",
            "assignedGroups": "ed200833-c8c6-42aa-a647-550ea3fd005f",
            "createdDate": "2026-02-04T08:26:57Z",
            "resolvedDate": null,
            "closedDate": null,
            "resolution": "Duis bibendum, felis sed interdum venenatis, turpis enim blandit mi, in porttitor pede justo eu massa. Donec dapibus. Duis at velit eu est congue elementum.",
            "category": "50e6f7a8-b9ca-8db1-2f3a-4b5c6d7e8f9a",
            "assignedTo": "e8bce3ab-f6ac-47f0-a1b2-6caaedb409da",
            "assignedToName": "Gabbie McClosh",
            "reportedBy": "92c22c79-8b5d-487a-8f86-e5a171d31625",
            "reportedByName": "Eleonora Rivitt",
            "assignedGroupName": "Services",
            "configurationItemName": "Core-Switch-01"
        },
        {
            "id": "fa435e5b-db30-4192-8375-f59cea65caeb",
            "incidentNumber": "INC000542",
            "title": "In blandit ultrices enim.",
            "description": "Quisque porta volutpat erat. Quisque erat eros, viverra eget, congue eget, semper rutrum, nulla. Nunc purus.",
            "priority": "P2",
            "status": 4,
            "impact": "High",
            "urgency": "Medium",
            "assignedGroups": "1a12f404-1013-475f-9d7f-bc155b292189",
            "createdDate": "2025-11-07T04:05:36Z",
            "resolvedDate": "2026-02-07T23:24:36Z",
            "closedDate": "2026-02-09T23:24:36Z",
            "resolution": "Curabitur gravida nisi at nibh. In hac habitasse platea dictumst. Aliquam augue quam, sollicitudin vitae, consectetuer eget, rutrum at, lorem.",
            "category": "60f7a8b9-cadb-9ec2-3a4b-5c6d7e8f9a0b",
            "assignedTo": "dfcac14c-b8da-42f9-817d-3fc8eb1ca920",
            "assignedToName": "Arte Donavan",
            "reportedBy": "732c56cf-3c66-4146-aaeb-5799580bcff0",
            "reportedByName": "Willard Human",
            "assignedGroupName": "Infrastructure and Cloud Operations",
            "configurationItemName": "SAN-Storage-01"
        },
        {
            "id": "ebec0a74-5ed5-4458-b385-19167636cb5f",
            "incidentNumber": "INC000483",
            "title": "Vivamus vestibulum sagittis sapien. Cum sociis natoque penatibus et magnis dis parturient montes, nascetur ridiculus mus.",
            "description": "Nullam porttitor lacus at turpis. Donec posuere metus vitae ipsum. Aliquam non mauris.\n\nMorbi non lectus. Aliquam sit amet diam in magna bibendum imperdiet. Nullam orci pede, venenatis non, sodales sed, tincidunt eu, felis.\n\nFusce posuere felis sed lacus. Morbi sem mauris, laoreet ut, rhoncus aliquet, pulvinar sed, nisl. Nunc rhoncus dui vel sem.\n\nSed sagittis. Nam congue, risus semper porta volutpat, quam pede lobortis ligula, sit amet eleifend pede libero quis orci. Nullam molestie nibh in lectus.\n\nPellentesque at nulla. Suspendisse potenti. Cras in purus eu magna vulputate luctus.",
            "priority": "P4",
            "status": 1,
            "impact": "Medium",
            "urgency": "Low",
            "assignedGroups": "713fba0f-4246-48db-ace4-40a7826587da",
            "createdDate": "2025-03-30T06:39:43Z",
            "resolvedDate": null,
            "closedDate": null,
            "resolution": "Phasellus id sapien in sapien iaculis congue. Vivamus metus arcu, adipiscing molestie, hendrerit at, vulputate vitae, nisl. Aenean lectus.",
            "category": "70a8b9ca-dbec-0fd3-4b5c-6d7e8f9a0b1c",
            "assignedTo": "7438be5c-9459-4828-be44-f41aecd2012b",
            "assignedToName": "Delora Garm",
            "reportedBy": "312c9b9f-202c-4d7b-a436-613aae953091",
            "reportedByName": "Gnni Haywood",
            "assignedGroupName": "Application Support",
            "configurationItemName": "E-Commerce Platform"
        },
        {
            "id": "65efb94b-333f-4b56-b159-27e2f1445645",
            "incidentNumber": "INC000822",
            "title": "Aliquam erat volutpat. In congue.",
            "description": "Duis consequat dui nec nisi volutpat eleifend. Donec ut dolor. Morbi vel lectus in quam fringilla rhoncus.\n\nMauris enim leo, rhoncus sed, vestibulum sit amet, cursus id, turpis. Integer aliquet, massa id lobortis convallis, tortor risus dapibus augue, vel accumsan tellus nisi eu orci. Mauris lacinia sapien quis libero.",
            "priority": "P5",
            "status": 3,
            "impact": "Low",
            "urgency": "Low",
            "assignedGroups": "90eb88df-fc2a-4dd2-bfec-34fe1f2b70df",
            "createdDate": "2025-07-05T18:39:57Z",
            "resolvedDate": "2026-02-07T00:18:42Z",
            "closedDate": "2026-02-09T00:18:42Z",
            "resolution": "Integer non velit. Donec diam neque, vestibulum eget, vulputate ut, ultrices vel, augue. Vestibulum ante ipsum primis in faucibus orci luctus et ultrices posuere cubilia Curae; Donec pharetra, magna vestibulum aliquet ultrices, erat tortor sollicitudin mi, sit amet lobortis sapien sapien non mi. Integer ac neque. Duis bibendum.",
            "category": "80b9cadb-ecf1-10e4-5c6d-7e8f9a0b1c2d",
            "assignedTo": "1d8beb9a-841b-4e5c-9dc2-01fefe46d1b9",
            "assignedToName": "Shela Campana",
            "reportedBy": "5802fe00-9106-499c-883a-61bd7f3626c7",
            "reportedByName": "Estrellita Mendel",
            "assignedGroupName": "Accounting",
            "configurationItemName": "STG-WEB-01"
        },
        {
            "id": "0f2bc419-876e-4d1e-9c63-2f37240b5dac",
            "incidentNumber": "INC000678",
            "title": "Aliquam non mauris.",
            "description": "Morbi porttitor lorem id ligula. Suspendisse ornare consequat lectus. In est risus, auctor sed, tristique in, tempus sit amet, sem.\n\nFusce consequat. Nulla nisl. Nunc nisl.\n\nDuis bibendum, felis sed interdum venenatis, turpis enim blandit mi, in porttitor pede justo eu massa. Donec dapibus. Duis at velit eu est congue elementum.",
            "priority": "P1",
            "status": 3,
            "impact": "High",
            "urgency": "High",
            "assignedGroups": "ed200833-c8c6-42aa-a647-550ea3fd005f",
            "createdDate": "2025-03-08T12:24:30Z",
            "resolvedDate": null,
            "closedDate": null,
            "resolution": "Morbi non quam nec dui luctus rutrum. Nulla tellus. In sagittis dui vel nisl.",
            "category": "90cadbc-edf2-21f5-6d7e-8f9a0b1c2d3e",
            "assignedTo": "e8bce3ab-f6ac-47f0-a1b2-6caaedb409da",
            "assignedToName": "Gabbie McClosh",
            "reportedBy": "1d8beb9a-841b-4e5c-9dc2-01fefe46d1b9",
            "reportedByName": "Shela Campana",
            "assignedGroupName": "Services",
            "configurationItemName": "DEV-DB-01"
        },
        {
            "id": "c8ac8b70-d9a5-4a6d-9af9-3fbdc05f1b80",
            "incidentNumber": "INC000326",
            "title": "Phasellus sit amet erat.",
            "description": "Praesent id massa id nisl venenatis lacinia. Aenean sit amet justo. Morbi ut odio.\n\nCras mi pede, malesuada in, imperdiet et, commodo vulputate, justo. In blandit ultrices enim. Lorem ipsum dolor sit amet, consectetuer adipiscing elit.\n\nProin interdum mauris non ligula pellentesque ultrices. Phasellus id sapien in sapien iaculis congue. Vivamus metus arcu, adipiscing molestie, hendrerit at, vulputate vitae, nisl.\n\nAenean lectus. Pellentesque eget nunc. Donec quis orci eget orci vehicula condimentum.\n\nCurabitur in libero ut massa volutpat convallis. Morbi odio odio, elementum eu, interdum eu, tincidunt in, leo. Maecenas pulvinar lobortis est.",
            "priority": "P2",
            "status": 4,
            "impact": "Medium",
            "urgency": "High",
            "assignedGroups": "ed200833-c8c6-42aa-a647-550ea3fd005f",
            "createdDate": "2024-04-19T07:28:41Z",
            "resolvedDate": "2026-02-07T22:44:26Z",
            "closedDate": "2026-02-09T22:44:26Z",
            "resolution": "Lorem ipsum dolor sit amet, consectetuer adipiscing elit. Proin interdum mauris non ligula pellentesque ultrices. Phasellus id sapien in sapien iaculis congue. Vivamus metus arcu, adipiscing molestie, hendrerit at, vulputate vitae, nisl.",
            "category": "a0dbcde-feg3-32g6-7e8f-9a0b1c2d3e4f",
            "assignedTo": "646cfe81-49d5-494b-b670-359bbde6f307",
            "assignedToName": "Ethel Crighton",
            "reportedBy": "1949dfba-ae2c-40da-b852-d530407f2f75",
            "reportedByName": "Tomkin Oliphard",
            "assignedGroupName": "Services",
            "configurationItemName": "Legacy-App-Server"
        }
    ]
}