{
    "usergroups":[{
  "id": "90eb88df-fc2a-4dd2-bfec-34fe1f2b70df",
  "groupName": "Accounting"
}, {
  "id": "4da91180-d2c2-4db4-a4a9-5cfb0070c611",
  "groupName": "Sales"
}, {
  "id": "fb7f35ee-e6ce-46d8-b95e-adfaf9721b77",
  "groupName": "Human Resources"
}, {
  "id": "6905728a-cf02-4741-b4cd-574edc4c5ead",
  "groupName": "Business Development"
}, {
  "id": "713fba0f-4246-48db-ace4-40a7826587da",
  "groupName": "Application Support"
}, {
  "id": "1a12f404-1013-475f-9d7f-bc155b292189",
  "groupName": "Infrastructure and Cloud Operations"
}, {
  "id": "ed200833-c8c6-42aa-a647-550ea3fd005f",
  "groupName": "Services"
}, {
  "id": "24ba058d-9ef7-4a5a-80d5-f3e242c35037",
  "groupName": "Product Management"
}, {
  "id": "e9641345-5272-408c-a750-b21295a36b3d",
  "groupName": "Training"
}, {
  "id": "43075c45-f989-4c79-b3af-f9013e9b8be0",
  "groupName": "Marketing"
}]
}
