{
    "users": [
        {
            "id": "73bf3c88-960b-4c3b-a6d4-57f28c9b9200",
            "email": "emaher0@foxnews.com",
            "first_name": "Eziechiele",
            "last_name": "Maher",
            "display_name": "Eziechiele Maher",
            "isActive": "Syntax error in formula '__legacy_if(1==1) then 'true''",
            "createdAt": "2026-01-13T12:41:12Z",
            "lastLoginAt": "2026-02-07T02:58:46Z",
            "assignedGroups": "1a12f404-1013-475f-9d7f-bc155b292189"
        },
        {
            "id": "1949dfba-ae2c-40da-b852-d530407f2f75",
            "email": "toliphard1@amazon.com",
            "first_name": "Tomkin",
            "last_name": "Oliphard",
            "display_name": "Tomkin Oliphard",
            "isActive": "Syntax error in formula '__legacy_if(1==1) then 'true''",
            "createdAt": "2025-02-11T20:30:20Z",
            "lastLoginAt": "2026-02-07T01:39:35Z",
            "assignedGroups": "713fba0f-4246-48db-ace4-40a7826587da"
        },
        {
            "id": "9f3af483-5a0d-49a1-bc76-040f3f34eca1",
            "email": "tbloxham2@blinklist.com",
            "first_name": "Tera",
            "last_name": "Bloxham",
            "display_name": "Tera Bloxham",
            "isActive": "Syntax error in formula '__legacy_if(1==1) then 'true''",
            "createdAt": "2024-12-21T02:46:06Z",
            "lastLoginAt": "2026-02-07T07:27:02Z",
            "assignedGroups": "6905728a-cf02-4741-b4cd-574edc4c5ead"
        },
        {
            "id": "e8bce3ab-f6ac-47f0-a1b2-6caaedb409da",
            "email": "gmcclosh3@auda.org.au",
            "first_name": "Gabbie",
            "last_name": "McClosh",
            "display_name": "Gabbie McClosh",
            "isActive": "Syntax error in formula '__legacy_if(1==1) then 'true''",
            "createdAt": "2026-01-17T17:35:07Z",
            "lastLoginAt": "2026-02-07T07:13:57Z",
            "assignedGroups": "ed200833-c8c6-42aa-a647-550ea3fd005f"
        },
        {
            "id": "7438be5c-9459-4828-be44-f41aecd2012b",
            "email": "dgarm4@paypal.com",
            "first_name": "Delora",
            "last_name": "Garm",
            "display_name": "Delora Garm",
            "isActive": "Syntax error in formula '__legacy_if(1==1) then 'true''",
            "createdAt": "2025-01-05T11:38:09Z",
            "lastLoginAt": "2026-02-07T05:17:48Z",
            "assignedGroups": "713fba0f-4246-48db-ace4-40a7826587da"
        },
        {
            "id": "92c22c79-8b5d-487a-8f86-e5a171d31625",
            "email": "erivitt5@photobucket.com",
            "first_name": "Eleonora",
            "last_name": "Rivitt",
            "display_name": "Eleonora Rivitt",
            "isActive": "Syntax error in formula '__legacy_if(1==1) then 'true''",
            "createdAt": "2024-06-08T22:54:20Z",
            "lastLoginAt": "2026-02-07T20:26:23Z",
            "assignedGroups": "713fba0f-4246-48db-ace4-40a7826587da"
        },
        {
            "id": "5802fe00-9106-499c-883a-61bd7f3626c7",
            "email": "emendel6@domainmarket.com",
            "first_name": "Estrellita",
            "last_name": "Mendel",
            "display_name": "Estrellita Mendel",
            "isActive": "Syntax error in formula '__legacy_if(1==1) then 'true''",
            "createdAt": "2025-12-03T07:30:20Z",
            "lastLoginAt": "2026-02-07T10:16:08Z",
            "assignedGroups": "fb7f35ee-e6ce-46d8-b95e-adfaf9721b77"
        },
        {
            "id": "f5b7ffc5-9f7b-46bf-bed5-f2e39530553c",
            "email": "fdickins7@webnode.com",
            "first_name": "Fletcher",
            "last_name": "Dickins",
            "display_name": "Fletcher Dickins",
            "isActive": "Syntax error in formula '__legacy_if(1==1) then 'true''",
            "createdAt": "2025-04-30T01:21:31Z",
            "lastLoginAt": "2026-02-07T04:56:02Z",
            "assignedGroups": "6905728a-cf02-4741-b4cd-574edc4c5ead"
        },
        {
            "id": "6c22653f-b2a3-46dd-b7af-8e0f62115462",
            "email": "sbratty8@independent.co.uk",
            "first_name": "Shana",
            "last_name": "Bratty",
            "display_name": "Shana Bratty",
            "isActive": "Syntax error in formula '__legacy_if(1==1) then 'true''",
            "createdAt": "2026-01-27T13:01:53Z",
            "lastLoginAt": "2026-02-07T19:51:38Z",
            "assignedGroups": "1a12f404-1013-475f-9d7f-bc155b292189"
        },
        {
            "id": "2b6400ae-4bee-4909-8d21-8edf25b0a075",
            "email": "rtotton9@spiegel.de",
            "first_name": "Raimund",
            "last_name": "Totton",
            "display_name": "Raimund Totton",
            "isActive": "Syntax error in formula '__legacy_if(1==1) then 'true''",
            "createdAt": "2024-12-09T22:33:06Z",
            "lastLoginAt": "2026-02-07T19:11:26Z",
            "assignedGroups": "1a12f404-1013-475f-9d7f-bc155b292189"
        },
        {
            "id": "96385666-5af0-4176-8bd3-d0ebdc3b0f26",
            "email": "swaitlanda@bbb.org",
            "first_name": "Suzi",
            "last_name": "Waitland",
            "display_name": "Suzi Waitland",
            "isActive": "Syntax error in formula '__legacy_if(1==1) then 'true''",
            "createdAt": "2025-08-13T20:26:01Z",
            "lastLoginAt": "2026-02-07T16:24:54Z",
            "assignedGroups": "713fba0f-4246-48db-ace4-40a7826587da"
        },
        {
            "id": "732c56cf-3c66-4146-aaeb-5799580bcff0",
            "email": "whumanb@lulu.com",
            "first_name": "Willard",
            "last_name": "Human",
            "display_name": "Willard Human",
            "isActive": "Syntax error in formula '__legacy_if(1==1) then 'true''",
            "createdAt": "2024-07-11T13:15:23Z",
            "lastLoginAt": "2026-02-07T05:21:48Z",
            "assignedGroups": "fb7f35ee-e6ce-46d8-b95e-adfaf9721b77"
        },
        {
            "id": "11607934-228b-4ebd-9948-76056c8dd67b",
            "email": "jstuttc@nhs.uk",
            "first_name": "Janna",
            "last_name": "Stutt",
            "display_name": "Janna Stutt",
            "isActive": "Syntax error in formula '__legacy_if(1==1) then 'true''",
            "createdAt": "2025-04-05T16:01:39Z",
            "lastLoginAt": "2026-02-07T18:53:16Z",
            "assignedGroups": "90eb88df-fc2a-4dd2-bfec-34fe1f2b70df"
        },
        {
            "id": "646cfe81-49d5-494b-b670-359bbde6f307",
            "email": "ecrightond@baidu.com",
            "first_name": "Ethel",
            "last_name": "Crighton",
            "display_name": "Ethel Crighton",
            "isActive": "Syntax error in formula '__legacy_if(1==1) then 'true''",
            "createdAt": "2025-05-17T20:31:38Z",
            "lastLoginAt": "2026-02-07T02:55:08Z",
            "assignedGroups": "ed200833-c8c6-42aa-a647-550ea3fd005f"
        },
        {
            "id": "1d8beb9a-841b-4e5c-9dc2-01fefe46d1b9",
            "email": "scampanae@trellian.com",
            "first_name": "Shela",
            "last_name": "Campana",
            "display_name": "Shela Campana",
            "isActive": "Syntax error in formula '__legacy_if(1==1) then 'true''",
            "createdAt": "2025-05-24T15:02:07Z",
            "lastLoginAt": "2026-02-07T18:12:11Z",
            "assignedGroups": "90eb88df-fc2a-4dd2-bfec-34fe1f2b70df"
        },
        {
            "id": "fca30e3b-8173-4ac1-b7a9-86a521b9af73",
            "email": "rbeecroftf@tripadvisor.com",
            "first_name": "Rianon",
            "last_name": "Beecroft",
            "display_name": "Rianon Beecroft",
            "isActive": "Syntax error in formula '__legacy_if(1==1) then 'true''",
            "createdAt": "2025-11-01T20:27:39Z",
            "lastLoginAt": "2026-02-07T04:02:25Z",
            "assignedGroups": "713fba0f-4246-48db-ace4-40a7826587da"
        },
        {
            "id": "dfcac14c-b8da-42f9-817d-3fc8eb1ca920",
            "email": "adonavang@ted.com",
            "first_name": "Arte",
            "last_name": "Donavan",
            "display_name": "Arte Donavan",
            "isActive": "Syntax error in formula '__legacy_if(1==1) then 'true''",
            "createdAt": "2025-05-03T08:12:45Z",
            "lastLoginAt": "2026-02-07T18:38:09Z",
            "assignedGroups": "1a12f404-1013-475f-9d7f-bc155b292189"
        },
        {
            "id": "b0979bc2-ebf6-4675-b5b8-91b867d22682",
            "email": "msemonh@google.ca",
            "first_name": "Mallissa",
            "last_name": "Semon",
            "display_name": "Mallissa Semon",
            "isActive": "Syntax error in formula '__legacy_if(1==1) then 'true''",
            "createdAt": "2025-10-25T07:48:02Z",
            "lastLoginAt": "2026-02-07T13:24:40Z",
            "assignedGroups": "1a12f404-1013-475f-9d7f-bc155b292189"
        },
        {
            "id": "3b282afe-312f-4859-aa13-10d7dea6cd91",
            "email": "ccowlingi@apple.com",
            "first_name": "Cammie",
            "last_name": "Cowling",
            "display_name": "Cammie Cowling",
            "isActive": "Syntax error in formula '__legacy_if(1==1) then 'true''",
            "createdAt": "2025-12-25T03:41:38Z",
            "lastLoginAt": "2026-02-07T06:12:48Z",
            "assignedGroups": "1a12f404-1013-475f-9d7f-bc155b292189"
        },
        {
            "id": "312c9b9f-202c-4d7b-a436-613aae953091",
            "email": "ghaywoodj@cbc.ca",
            "first_name": "Gnni",
            "last_name": "Haywood",
            "display_name": "Gnni Haywood",
            "isActive": "Syntax error in formula '__legacy_if(1==1) then 'true''",
            "createdAt": "2025-03-17T17:16:51Z",
            "lastLoginAt": "2026-02-07T11:06:12Z",
            "assignedGroups": "6905728a-cf02-4741-b4cd-574edc4c5ead"
        }
    ]
}